,p,sep1,sed1,sep1_lws,sed1_lws
0,0.0005,0.5,0.5,0.5070521319239066,0.5070521319239066
0,0.0005,0.28,0.28,0.5070521319239066,0.5070521319239066
0,0.0005,0.46,0.46,0.5070521319239066,0.5070521319239066
0,0.0005,0.36,0.36,0.5070521319239066,0.5070521319239066
0,0.0005,0.44,0.44,0.5070521319239066,0.5070521319239066
0,0.0005,0.52,0.52,0.5070521319239066,0.5070521319239066
0,0.0005,0.52,0.52,0.5070521319239066,0.5070521319239066
0,0.0005,0.34,0.34,0.5070521319239066,0.5070521319239066
1,0.00056,0.5,0.5,0.5065168204003446,0.5065168204003446
1,0.00056,0.6428571428571429,0.6428571428571429,0.5065168204003446,0.5065168204003446
1,0.00056,0.625,0.625,0.5065168204003446,0.5065168204003446
1,0.00056,0.6607142857142857,0.6607142857142857,0.5065168204003446,0.5065168204003446
1,0.00056,0.5178571428571429,0.5178571428571429,0.5065168204003446,0.5065168204003446
1,0.00056,0.5178571428571429,0.5178571428571429,0.5065168204003446,0.5065168204003446
1,0.00056,0.5357142857142857,0.5357142857142857,0.5065168204003446,0.5065168204003446
1,0.00056,0.5714285714285714,0.5714285714285714,0.5065168204003446,0.5065168204003446
2,0.0005800290014500725,0.6206896551724138,0.6206896551724138,0.5063386670884519,0.5063386670884519
2,0.0005900236009440378,0.6610169491525424,0.6610169491525424,0.5062498690506141,0.5062498690506141
2,0.0006100122002440049,0.639344262295082,0.639344262295082,0.5060724806372218,0.5060724806372218
2,0.0006100122002440049,0.6229508196721312,0.6229508196721312,0.5060724806372218,0.5060724806372218
2,0.0006100122002440049,0.6557377049180327,0.6557377049180327,0.5060724806372218,0.5060724806372218
2,0.0006100122002440049,0.7704918032786885,0.7704918032786885,0.5060724806372218,0.5060724806372218
2,0.0006100122002440049,0.6229508196721312,0.6229508196721312,0.5060724806372218,0.5060724806372218
3,0.0006100488039043123,0.6557377049180327,0.6557377049180327,0.5060721560458156,0.5060721560458156
3,0.0006100549049414448,0.7049180327868853,0.7049180327868853,0.5060721019435501,0.5060721019435501
2,0.0006200062000620006,0.5967741935483871,0.5967741935483871,0.505983890014129,0.505983890014129
3,0.0006200496039683174,0.6774193548387096,0.6774193548387096,0.5059835054118321,0.5059835054118321
3,0.0006300441030872161,0.6984126984126984,0.6984126984126984,0.5058949777776832,0.5058949777776832
4,0.000630088212349729,0.7301587301587301,0.7301587301587301,0.5058945872224923,0.5058945872224923
3,0.0006400384023041382,0.734375,0.734375,0.5058065189139218,0.5058065189139218
3,0.0006400384023041382,0.671875,0.671875,0.5058065189139218,0.5058065189139218
3,0.0006500325016250812,0.7230769230769231,0.7230769230769231,0.5057181286919932,0.5057181286919932
3,0.0006600264010560422,0.7272727272727273,0.7272727272727273,0.5056298069819685,0.5056298069819685
5,0.0006601254238305278,0.6363636363636364,0.6363636363636364,0.5056289321955274,0.5056289321955274
4,0.0006700603054274885,0.7014925373134329,0.7014925373134329,0.5055411987422253,0.5055411987422253
4,0.0006700670067006701,0.7313432835820896,0.7313432835820896,0.5055411395864734,0.5055411395864734
4,0.0006700737081078919,0.7761194029850746,0.7761194029850746,0.505541080429567,0.505541080429567
4,0.0006800680068006801,0.7647058823529411,0.7647058823529411,0.505452888656159,0.505452888656159
4,0.000690062105589503,0.7246376811594203,0.7246376811594203,0.5053647650066568,0.5053647650066568
4,0.000690062105589503,0.7101449275362319,0.7101449275362319,0.5053647650066568,0.5053647650066568
5,0.0007000980137219211,0.6857142857142857,0.6857142857142857,0.5052763393440782,0.5052763393440782
6,0.0007001610370385189,0.6571428571428571,0.6571428571428571,0.5052757842609069,0.5052757842609069
5,0.0007100994139179485,0.704225352112676,0.704225352112676,0.505188284033528,0.505188284033528
5,0.0007101065159773966,0.7183098591549296,0.7183098591549296,0.5051882215283655,0.5051882215283655
4,0.0007200432025921556,0.7222222222222222,0.7222222222222222,0.5051008014385968,0.5051008014385968
5,0.000720100814113976,0.6666666666666666,0.6666666666666666,0.5051002947789774,0.5051002947789774
6,0.0007301533321997619,0.6027397260273972,0.6027397260273972,0.5050119222306896,0.5050119222306896
5,0.0007500825090759984,0.6666666666666666,0.6666666666666666,0.5048369194617794,0.5048369194617794
5,0.0007500825090759984,0.72,0.72,0.5048369194617794,0.5048369194617794
6,0.0007501275216786853,0.5733333333333334,0.5733333333333334,0.5048365244903744,0.5048365244903744
7,0.0007501950507131854,0.6133333333333333,0.6133333333333333,0.5048359319468654,0.5048359319468654
6,0.0007801326225458328,0.6025641025641025,0.6025641025641025,0.504573533763602,0.504573533763602
6,0.0007801326225458328,0.6153846153846154,0.6153846153846154,0.504573533763602,0.504573533763602
7,0.0007801950487621906,0.6282051282051282,0.6282051282051282,0.5045729872179776,0.5045729872179776
5,0.0007900632050564045,0.6582278481012658,0.6582278481012658,0.5044866227125624,0.5044866227125624
6,0.0007901264202272364,0.6455696202531646,0.6455696202531646,0.5044860696675273,0.5044860696675273
6,0.0007901264202272364,0.6075949367088608,0.6075949367088608,0.5044860696675273,0.5044860696675273
8,0.0007902449759425422,0.569620253164557,0.569620253164557,0.5044850324765032,0.5044850324765032
6,0.0008101215182277342,0.654320987654321,0.654320987654321,0.5043112702643618,0.5043112702643618
7,0.0008201558296076255,0.5609756097560976,0.5609756097560976,0.5042236465973654,0.5042236465973654
7,0.0008301743366106883,0.6024096385542169,0.6024096385542169,0.5041362256872509,0.5041362256872509
7,0.0008401848406649463,0.5238095238095238,0.5238095238095238,0.5040489390750801,0.5040489390750801
8,0.0008502295619817351,0.5647058823529412,0.5647058823529412,0.503961418700915,0.503961418700915
7,0.0008601548278690164,0.5581395348837209,0.5581395348837209,0.5038750024621281,0.5038750024621281
7,0.0008601634310518998,0.47674418604651164,0.47674418604651164,0.5038749275840819,0.5038749275840819
9,0.0008602924994498129,0.5,0.5,0.5038738042392816,0.5038738042392816
7,0.0008701566281930748,0.6091954022988506,0.6091954022988506,0.5037879832645762,0.5037879832645762
8,0.0008901958430854788,0.550561797752809,0.550561797752809,0.5036138255683135,0.5036138255683135
8,0.0008902225556389097,0.550561797752809,0.550561797752809,0.5036135935827089,0.5036135935827089
8,0.0009102093481500746,0.5054945054945055,0.5054945054945055,0.5034401434701962,0.5034401434701962
8,0.0009302046450219048,0.45161290322580644,0.45161290322580644,0.503266869098431,0.503266869098431
8,0.0009302139492083179,0.5161290322580645,0.5161290322580645,0.5032667885283993,0.5032667885283993
9,0.0009302697782356883,0.4946236559139785,0.4946236559139785,0.5032663050755016,0.5032663050755016
8,0.0009402068455060113,0.5,0.5,0.5031802854778993,0.5031802854778993
10,0.0009503326164157455,0.47368421052631576,0.47368421052631576,0.5030926949679924,0.5030926949679924
9,0.0009802352564615509,0.5510204081632653,0.5510204081632653,0.5028343954068473,0.5028343954068473
9,0.000990237657037689,0.48484848484848486,0.48484848484848486,0.5027481155675788,0.5027481155675788
9,0.0009902574669414048,0.46464646464646464,0.46464646464646464,0.5027479447489198,0.5027479447489198
9,0.0010002600676175806,0.52,0.52,0.5026617235353384,0.5026617235353384
9,0.0010102626682937563,0.5643564356435643,0.5643564356435643,0.5025755622859764,0.5025755622859764
11,0.001010404161664666,0.4752475247524752,0.4752475247524752,0.502574343906964,0.502574343906964
9,0.0010302369544995349,0.5145631067961165,0.5145631067961165,0.5024036842088364,0.5024036842088364
10,0.0010303090927278183,0.5048543689320388,0.5048543689320388,0.5024030638895229,0.5024030638895229
10,0.0010403120936280884,0.5,0.5,0.5023170773394717,0.5023170773394717
10,0.0010702889780240664,0.4485981308411215,0.4485981308411215,0.5020597427250273,0.5020597427250273
10,0.0010703103900131037,0.45794392523364486,0.45794392523364486,0.5020595591004147,0.5020595591004147
10,0.0010803240972291689,0.5370370370370371,0.5370370370370371,0.5019737123927727,0.5019737123927727
11,0.0010903925413148733,0.44954128440366975,0.44954128440366975,0.5018874538613303,0.5018874538613303
12,0.0011004511849858443,0.45454545454545453,0.45454545454545453,0.5018013363078113,0.5018013363078113
10,0.0011102886750555144,0.5225225225225225,0.5225225225225225,0.5017171668116848,0.5017171668116848
10,0.001110299780940854,0.4954954954954955,0.4954954954954955,0.5017170718201625,0.5017170718201625
11,0.0011503451035310593,0.5130434782608696,0.5130434782608696,0.5013749915089687,0.5013749915089687
11,0.001150379625276341,0.4260869565217391,0.4260869565217391,0.5013746969851303,0.5013746969851303
11,0.0011703393984255435,0.4358974358974359,0.4358974358974359,0.5012045142297122,0.5012045142297122
12,0.0011804721888755503,0.4491525423728814,0.4491525423728814,0.5011181983323304,0.5011181983323304
13,0.0011805430498029092,0.4745762711864407,0.4745762711864407,0.5011175948908154,0.5011175948908154
11,0.0011903571071321397,0.48739495798319327,0.48739495798319327,0.5010340444391118,0.5010340444391118
11,0.0011903809218950063,0.453781512605042,0.453781512605042,0.5010338417551227,0.5010338417551227
11,0.0012003601080324098,0.5,0.5,0.5009489354064233,0.5009489354064233
12,0.0012304306507277547,0.4634146341463415,0.4634146341463415,0.5006933822888667,0.5006933822888667
14,0.0012306522456902158,0.43089430894308944,0.43089430894308944,0.5006915007045198,0.5006915007045198
12,0.0012504376531786126,0.464,0.464,0.5005235949875477,0.5005235949875477
12,0.0012604663725578464,0.46825396825396826,0.46825396825396826,0.5004385579990424,0.5004385579990424
13,0.0012605420330742219,0.48412698412698413,0.48412698412698413,0.500437916624261,0.500437916624261
12,0.0012803841152345704,0.4296875,0.4296875,0.5002698054450212,0.5002698054450212
12,0.0012804481568548993,0.453125,0.453125,0.5002692631439863,0.5002692631439863
12,0.0012804609659477413,0.40625,0.40625,0.5002691546774902,0.5002691546774902
13,0.0012805506367738128,0.4140625,0.4140625,0.5002683953533149,0.5002683953533149
15,0.0013107471258617413,0.3893129770992366,0.3893129770992366,0.5000128969650222,0.5000128969650222
13,0.0013405764478725852,0.43283582089552236,0.43283582089552236,0.49976089129806434,0.49976089129806434
13,0.0013504591561130784,0.4222222222222222,0.4222222222222222,0.4996774815250608,0.4996774815250608
14,0.001350634798355227,0.5111111111111111,0.5111111111111111,0.49967599947084324,0.49967599947084324
13,0.0013605033862529137,0.4411764705882353,0.4411764705882353,0.4995927492247954,0.4995927492247954
13,0.0013704933776159417,0.40875912408759124,0.40875912408759124,0.49950851451686556,0.49950851451686556
14,0.0013806074672856057,0.45652173913043476,0.45652173913043476,0.4994232733954626,0.4994232733954626
13,0.0014105218931004472,0.41134751773049644,0.41134751773049644,0.4991713843126651,0.4991713843126651
16,0.0014108323911107554,0.41843971631205673,0.41843971631205673,0.49916877156559303,0.49916877156559303
15,0.001430743986873174,0.44755244755244755,0.44755244755244755,0.49900129401715565,0.49900129401715565
14,0.001450536698578474,0.46206896551724136,0.46206896551724136,0.4988349541830753,0.4988349541830753
14,0.0014506237682203348,0.4827586206896552,0.4827586206896552,0.49883422273666816,0.49883422273666816
14,0.001460671909078176,0.4246575342465753,0.4246575342465753,0.49874982826884184,0.49874982826884184
14,0.0014905962384953982,0.42953020134228187,0.42953020134228187,0.4984986876366719,0.4984986876366719
17,0.0015109367808040985,0.40397350993377484,0.40397350993377484,0.49832813801026027,0.49832813801026027
15,0.0015206843079385724,0.4473684210526316,0.4473684210526316,0.49824645128716516,0.49824645128716516
16,0.0015208516769390859,0.5,0.5,0.49824504893314475,0.49824504893314475
14,0.0015406316589801818,0.44155844155844154,0.44155844155844154,0.49807937180680556,0.49807937180680556
15,0.0015506512735348847,0.44516129032258067,0.44516129032258067,0.49799548857688514,0.49799548857688514
15,0.0015607491595966063,0.44871794871794873,0.44871794871794873,0.49791097700747,0.49791097700747
15,0.0015707853926963482,0.4713375796178344,0.4713375796178344,0.49782700747224007,0.49782700747224007
17,0.001580980207728792,0.47468354430379744,0.47468354430379744,0.497741736949864,0.497741736949864
15,0.0016007043098963543,0.475,0.475,0.49757683346600723,0.49757683346600723
18,0.0016410502721741914,0.4634146341463415,0.4634146341463415,0.49723979281444153,0.49723979281444153
15,0.0016507593493006783,0.3696969696969697,0.3696969696969697,0.49715873618502326,0.49715873618502326
16,0.0016607805668664272,0.4759036144578313,0.4759036144578313,0.4970750929170118,0.4970750929170118
16,0.0016707184089158338,0.46706586826347307,0.46706586826347307,0.49699216422267595,0.49699216422267595
16,0.001680890872162246,0.47619047619047616,0.47619047619047616,0.4969072962558133,0.4969072962558133
16,0.001710821194173203,0.43859649122807015,0.43859649122807015,0.49665769292781087,0.49665769292781087
16,0.0017208604302151075,0.4476744186046512,0.4476744186046512,0.4965740032052045,0.4965740032052045
18,0.001721032619571743,0.45930232558139533,0.45930232558139533,0.4965725679235208,0.4965725679235208
19,0.0017610918769637176,0.4318181818181818,0.4318181818181818,0.4962387692979656,0.4962387692979656
17,0.001770743712359191,0.4745762711864407,0.4745762711864407,0.49615837585688655,0.49615837585688655
17,0.0017708500080038418,0.480225988700565,0.480225988700565,0.49615749054707264,0.49615749054707264
16,0.001790895447723862,0.3854748603351955,0.3854748603351955,0.4959905604798418,0.4959905604798418
17,0.001811014167934043,0.47513812154696133,0.47513812154696133,0.4958230639634311,0.4958230639634311
17,0.0018110322884043906,0.4530386740331492,0.4530386740331492,0.4958229131215898,0.4958229131215898
17,0.001850869908857163,0.4702702702702703,0.4702702702702703,0.495491361146945,0.495491361146945
19,0.0018511291888051711,0.4648648648648649,0.4648648648648649,0.4954892037024484,0.4954892037024484
18,0.0018709167492071115,0.5240641711229946,0.5240641711229946,0.4953245678431876,0.4953245678431876
20,0.0018711788426708828,0.46524064171123,0.46524064171123,0.49532238736607337,0.49532238736607337
18,0.0019008934199073564,0.45263157894736844,0.45263157894736844,0.49507520558523027,0.49507520558523027
17,0.0019010075339930164,0.4105263157894737,0.4105263157894737,0.49507425641932834,0.49507425641932834
18,0.0019311393722296155,0.46113989637305697,0.46113989637305697,0.4948236499118275,0.4948236499118275
18,0.0019311973423522585,0.42487046632124353,0.42487046632124353,0.4948231678095843,0.4948231678095843
20,0.001961333706920706,0.4744897959183674,0.4744897959183674,0.49457255538242256,0.49457255538242256
21,0.0019713799659761833,0.48223350253807107,0.48223350253807107,0.49448901569027964,0.49448901569027964
19,0.0019811094212759143,0.4797979797979798,0.4797979797979798,0.4944081116852344,0.4944081116852344
18,0.0019909954977488744,0.4723618090452261,0.4723618090452261,0.494325906198186,0.494325906198186
18,0.0020411838866542594,0.4362745098039216,0.4362745098039216,0.49390857612277034,0.49390857612277034
19,0.0020510460334770735,0.47804878048780486,0.47804878048780486,0.4938265673063606,0.4938265673063606
19,0.0020712427456473885,0.4057971014492754,0.4057971014492754,0.49365861602456085,0.49365861602456085
22,0.0020715536652489365,0.5072463768115942,0.5072463768115942,0.4936560304227246,0.4936560304227246
19,0.00209127567816368,0.4784688995215311,0.4784688995215311,0.49349201762641853,0.49349201762641853
20,0.0020912966038944144,0.47368421052631576,0.47368421052631576,0.49349184359761306,0.49349184359761306
21,0.0021215062694513102,0.49056603773584906,0.49056603773584906,0.4932405902846901,0.4932405902846901
19,0.0021611237843678715,0.47685185185185186,0.47685185185185186,0.49291103964346383,0.49291103964346383
19,0.002191380569758948,0.4337899543378995,0.4337899543378995,0.49265930655553436,0.49265930655553436
21,0.0022315397624360807,0.47085201793721976,0.47085201793721976,0.4923251138044276,0.4923251138044276
20,0.0022412102535369098,0.5,0.5,0.49224462558706517,0.49224462558706517
20,0.0022414120896164583,0.45535714285714285,0.45535714285714285,0.49224294563353477,0.49224294563353477
23,0.002241726129119422,0.4955357142857143,0.4955357142857143,0.4922403317663342,0.4922403317663342
22,0.002261583108175723,0.5132743362831859,0.5132743362831859,0.4920750431201644,0.4920750431201644
20,0.0022814829639265523,0.4517543859649123,0.4517543859649123,0.4919093737879566,0.4919093737879566
24,0.002302094906364792,0.47391304347826085,0.47391304347826085,0.4917377495408522,0.4917377495408522
20,0.0023212302520335777,0.46120689655172414,0.46120689655172414,0.49157839439736917,0.49157839439736917
20,0.0023415219892930403,0.44871794871794873,0.44871794871794873,0.4914093809734017,0.4914093809734017
21,0.002341639147403182,0.47435897435897434,0.47435897435897434,0.4914084050574725,0.4914084050574725
22,0.00234168601393003,0.49145299145299143,0.49145299145299143,0.49140801466347844,0.49140801466347844
23,0.0023718737802864262,0.48945147679324896,0.48945147679324896,0.4911565202161929,0.4911565202161929
21,0.0023915545104317808,0.4560669456066946,0.4560669456066946,0.49099252434485796,0.49099252434485796
21,0.0024014168359332007,0.49166666666666664,0.49166666666666664,0.49091033288002267,0.49091033288002267
22,0.0024318968795660617,0.4156378600823045,0.4156378600823045,0.49065627175214477,0.49065627175214477
21,0.0024416847624861154,0.47540983606557374,0.47540983606557374,0.4905746726132476,0.4905746726132476
21,0.0024718291535736443,0.44129554655870445,0.44129554655870445,0.4903233251286854,0.4903233251286854
25,0.002512361619922727,0.47410358565737054,0.47410358565737054,0.4899852691923643,0.4899852691923643
22,0.002531620236951649,0.45849802371541504,0.45849802371541504,0.48982461208683276,0.48982461208683276
23,0.002531873586453976,0.4782608695652174,0.4782608695652174,0.4898224984948876,0.4898224984948876
22,0.002561793255278695,0.4296875,0.4296875,0.4895728705558077,0.4895728705558077
23,0.0025621009227566605,0.453125,0.453125,0.48957030341524677,0.48957030341524677
24,0.0025721091294861787,0.45525291828793774,0.45525291828793774,0.48948679440163284,0.48948679440163284
22,0.0026119851086825988,0.48659003831417624,0.48659003831417624,0.48915404279047037,0.48915404279047037
22,0.0026120635301888494,0.42528735632183906,0.42528735632183906,0.4891533883664676,0.4891533883664676
23,0.002661916579937555,0.42857142857142855,0.42857142857142855,0.48873737375195847,0.48873737375195847
26,0.002662529402932786,0.4699248120300752,0.4699248120300752,0.4887322601388225,0.4887322601388225
24,0.002712169735788631,0.43911439114391143,0.43911439114391143,0.4883181035291437,0.4883181035291437
24,0.002742330981334134,0.46715328467153283,0.46715328467153283,0.4880665565410944,0.4880665565410944
23,0.0027520640480360272,0.44363636363636366,0.44363636363636366,0.4879854039796788,0.4879854039796788
23,0.002762292702943443,0.4492753623188406,0.4492753623188406,0.4879001331924717,0.4879001331924717
23,0.002762292702943443,0.4782608695652174,0.4782608695652174,0.4879001331924717,0.4879001331924717
25,0.002762292702943443,0.5,0.5,0.4879001331924717,0.4879001331924717
27,0.002822822822822823,0.4858156028368794,0.4858156028368794,0.48739591026681517,0.48739591026681517
24,0.002892082299255464,0.43944636678200694,0.43944636678200694,0.486820182930198,0.486820182930198
25,0.0029024961466861503,0.47586206896551725,0.47586206896551725,0.48673377389004835,0.48673377389004835
24,0.002922308623812812,0.4486301369863014,0.4486301369863014,0.48656952160600564,0.48656952160600564
24,0.0029226303673305976,0.4828767123287671,0.4828767123287671,0.48656685588680537,0.48656685588680537
25,0.002942707290707451,0.45918367346938777,0.45918367346938777,0.48640062782054366,0.48640062782054366
26,0.0029925736133074444,0.4782608695652174,0.4782608695652174,0.4859888938196959,0.4859888938196959
24,0.0030124702255849797,0.5049833887043189,0.5049833887043189,0.48582516198614484,0.48582516198614484
28,0.0030729500320307497,0.498371335504886,0.498371335504886,0.4853299988410663,0.4853299988410663
25,0.003092381133472774,0.4627831715210356,0.4627831715210356,0.48517190210644007,0.48517190210644007
25,0.0030928763750287767,0.5016181229773463,0.5016181229773463,0.4851678800414099,0.4851678800414099
26,0.0031428600026023683,0.4840764331210191,0.4840764331210191,0.48476410273611553,0.48476410273611553
25,0.0031527428863110905,0.43492063492063493,0.43492063492063493,0.484684836999128,0.484684836999128
26,0.003183087594967118,0.4716981132075472,0.4716981132075472,0.4844428551775375,0.4844428551775375
27,0.00320285053697791,0.490625,0.490625,0.4842865301334292,0.4842865301334292
26,0.0032728473772181796,0.4892966360856269,0.4892966360856269,0.4837430330596214,0.4837430330596214
25,0.0033327661959426324,0.4894894894894895,0.4894894894894895,0.48329439163761595,0.48329439163761595
26,0.003333199871877002,0.4894894894894895,0.4894894894894895,0.48329121380600887,0.48329121380600887
27,0.0033333667003673712,0.5105105105105106,0.5105105105105106,0.4832899916345657,0.4832899916345657
27,0.0033435776280620264,0.5029940119760479,0.5029940119760479,0.4832155009125184,0.4832155009125184
29,0.0033631277087691554,0.49404761904761907,0.49404761904761907,0.48307467971576984,0.48307467971576984
26,0.003373035732158943,0.47774480712166173,0.47774480712166173,0.4830042665353427,0.4830042665353427
28,0.003433192869368513,0.46647230320699706,0.46647230320699706,0.48259219258971436,0.48259219258971436
30,0.003493808250993583,0.498567335243553,0.498567335243553,0.48220718699382925,0.48220718699382925
27,0.003503643789541123,0.5171428571428571,0.5171428571428571,0.48214775101634116,0.48214775101634116
28,0.0035139004294767193,0.5042735042735043,0.5042735042735043,0.4820866621394198,0.4820866621394198
27,0.0035332152258555284,0.47592067988668557,0.47592067988668557,0.48198127079286784,0.48198127079286784
28,0.003564134395899243,0.5112359550561798,0.5112359550561798,0.48183645277569354,0.48183645277569354
26,0.0035831173120614936,0.48044692737430167,0.48044692737430167,0.48174912348341575,0.48174912348341575
29,0.003583870580226645,0.4329608938547486,0.4329608938547486,0.48174568384815303,0.48174568384815303
27,0.0036334517791902308,0.45454545454545453,0.45454545454545453,0.48152367491806836,0.48152367491806836
29,0.0036847164370394105,0.47554347826086957,0.47554347826086957,0.48130345549799386,0.48130345549799386
29,0.0037045936961832672,0.5108108108108108,0.5108108108108108,0.48119927264911466,0.48119927264911466
28,0.0037240592245547646,0.5,0.5,0.4811042032522071,0.4811042032522071
28,0.003743668795419511,0.48128342245989303,0.48128342245989303,0.48102443804185513,0.48102443804185513
31,0.0037643289783250737,0.48138297872340424,0.48138297872340424,0.4809420363501647,0.4809420363501647
27,0.003793679869473389,0.47229551451187335,0.47229551451187335,0.4808279109671447,0.4808279109671447
28,0.003823938656816521,0.4790575916230366,0.4790575916230366,0.4807138402207782,0.4807138402207782
30,0.003834678307535193,0.4595300261096606,0.4595300261096606,0.4806742015072763,0.4806742015072763
30,0.0038753091735677877,0.5012919896640827,0.5012919896640827,0.4805278744880556,0.4805278744880556
30,0.003915324841784827,0.4884910485933504,0.4884910485933504,0.48038862539940225,0.48038862539940225
29,0.003994753756970795,0.49122807017543857,0.49122807017543857,0.4801021020848958,0.4801021020848958
32,0.004024708909424026,0.4502487562189055,0.4502487562189055,0.48000503330446814,0.48000503330446814
29,0.004034276332912888,0.49379652605459057,0.49379652605459057,0.47997434823496093,0.47997434823496093
28,0.004044044044044044,0.452970297029703,0.452970297029703,0.4799410322347438,0.4799410322347438
31,0.004075134669683802,0.457002457002457,0.457002457002457,0.47983152526071987,0.47983152526071987
29,0.00408461561564568,0.4632352941176471,0.4632352941176471,0.47980185684883137,0.47980185684883137
31,0.004136038616379915,0.46973365617433416,0.46973365617433416,0.4796431948644041,0.4796431948644041
31,0.004156026238045165,0.4987951807228916,0.4987951807228916,0.47958246702347396,0.47958246702347396
29,0.004294681202510736,0.42657342657342656,0.42657342657342656,0.4791659375266604,0.4791659375266604
33,0.004295455228139737,0.4731934731934732,0.4731934731934732,0.47916370030993494,0.47916370030993494
30,0.004315307828629214,0.5034802784222738,0.5034802784222738,0.4791065659442222,0.4791065659442222
32,0.004316085680809942,0.45707656612529,0.45707656612529,0.47910433748857184,0.47910433748857184
30,0.0043854379430493815,0.4748858447488584,0.4748858447488584,0.47890295319765014,0.47890295319765014
30,0.0044048012333443454,0.48409090909090907,0.48409090909090907,0.47884967108677534,0.47884967108677534
32,0.004426861635535079,0.47285067873303166,0.47285067873303166,0.47878970319583314,0.47878970319583314
32,0.004496745117676515,0.5033407572383074,0.5033407572383074,0.47859212339478474,0.47859212339478474
34,0.004596066808186807,0.47276688453159044,0.47276688453159044,0.47833496923852065,0.47833496923852065
30,0.004645481668368675,0.4525862068965517,0.4525862068965517,0.47820974395079713,0.47820974395079713
31,0.00464603985180735,0.4849137931034483,0.4849137931034483,0.4782084227381874,0.4782084227381874
33,0.004656612389593222,0.4645161290322581,0.4645161290322581,0.4781834937673761,0.4781834937673761
33,0.0046580584411031085,0.4752688172043011,0.4752688172043011,0.4781800982160564,0.4781800982160564
31,0.004686232689477004,0.47435897435897434,0.47435897435897434,0.4781146000452226,0.4781146000452226
31,0.004775300583647849,0.480083857442348,0.480083857442348,0.47790215177202516,0.47790215177202516
33,0.004837498122089238,0.5031055900621118,0.5031055900621118,0.4777695069592051,0.4777695069592051
35,0.0049468761578594245,0.4574898785425101,0.4574898785425101,0.477536371457052,0.477536371457052
32,0.004977216964598668,0.45875251509054327,0.45875251509054327,0.47747844472820383,0.47747844472820383
34,0.004987830894504372,0.4598393574297189,0.4598393574297189,0.47745850031441595,0.47745850031441595
31,0.0049962453066332915,0.4789579158316633,0.4789579158316633,0.4774428059094745,0.4774428059094745
32,0.005007110096336798,0.456,0.456,0.4774226926413864,0.4774226926413864
32,0.005026433835309195,0.49203187250996017,0.49203187250996017,0.47738733467816913,0.47738733467816913
34,0.005038616033417143,0.49502982107355864,0.49502982107355864,0.4773653105206552,0.4773653105206552
34,0.005238224011698367,0.47418738049713194,0.47418738049713194,0.47700489204079766,0.47700489204079766
33,0.005288408569625705,0.45454545454545453,0.45454545454545453,0.4769312196706716,0.4769312196706716
36,0.005297840804390498,0.4555765595463138,0.4555765595463138,0.47691789447118615,0.47691789447118615
35,0.005318989091564744,0.480225988700565,0.480225988700565,0.47688855333602015,0.47688855333602015
33,0.005328472270910748,0.44548872180451127,0.44548872180451127,0.4768756809888312,0.4768756809888312
32,0.005337312117601113,0.4652908067542214,0.4652908067542214,0.476863827208749,0.476863827208749
33,0.005377366992780109,0.4655493482309125,0.4655493482309125,0.4767984627641454,0.4767984627641454
35,0.005449700466830959,0.4944852941176471,0.4944852941176471,0.476701094319364,0.476701094319364
35,0.005609592403009146,0.46964285714285714,0.46964285714285714,0.4765068086878303,0.4765068086878303
36,0.005630529089397172,0.4804270462633452,0.4804270462633452,0.4764857523105299,0.4764857523105299
33,0.00565894112698063,0.46371681415929206,0.46371681415929206,0.476458631008855,0.476458631008855
34,0.0056591111689820615,0.4654867256637168,0.4654867256637168,0.4764584711770602,0.4764584711770602
34,0.005679655414204147,0.47619047619047616,0.47619047619047616,0.47643937700860095,0.47643937700860095
37,0.005758753305023636,0.4782608695652174,0.4782608695652174,0.4763543877186559,0.4763543877186559
34,0.0057683063611600706,0.453125,0.453125,0.47634640484554003,0.47634640484554003
36,0.005890721112424613,0.5,0.5,0.47622804409013564,0.47622804409013564
36,0.0060510734644399254,0.47019867549668876,0.47019867549668876,0.47609601008684554,0.47609601008684554
37,0.006051801011973348,0.4768211920529801,0.4768211920529801,0.4760955408051092,0.4760955408051092
35,0.006060059699100507,0.4793388429752066,0.4793388429752066,0.4760902254990557,0.4760902254990557
34,0.006089499619406274,0.48355263157894735,0.48355263157894735,0.4760714318750241,0.4760714318750241
38,0.006110387659020335,0.46229508196721314,0.46229508196721314,0.4760577343846266,0.4760577343846266
35,0.006110510077333013,0.46557377049180326,0.46557377049180326,0.4760574828481514,0.4760574828481514
35,0.006139577741276391,0.4600326264274062,0.4600326264274062,0.47601166170739717,0.47601166170739717
37,0.006242172235859927,0.48154093097913325,0.48154093097913325,0.4759481392076978,0.4759481392076978
35,0.006411283859592883,0.4984375,0.4984375,0.4758001749840623,0.4758001749840623
36,0.006461566203504273,0.48527131782945737,0.48527131782945737,0.4757655251682677,0.4757655251682677
37,0.0065524496543432524,0.46788990825688076,0.46788990825688076,0.47569953750829774,0.47569953750829774
38,0.00655310621242485,0.4694189602446483,0.4694189602446483,0.4756990440901759,0.4756990440901759
36,0.006581122096342819,0.4840182648401826,0.4840182648401826,0.47567774720294986,0.47567774720294986
36,0.006601883390102184,0.464339908952959,0.464339908952959,0.4756567899092073,0.4756567899092073
39,0.006621521447318334,0.47049924357034795,0.47049924357034795,0.4756394661242341,0.4756394661242341
38,0.006713830490811071,0.4835820895522388,0.4835820895522388,0.4755557299216191,0.4755557299216191
37,0.006833530390172542,0.47214076246334313,0.47214076246334313,0.4754310473445298,0.4754310473445298
36,0.006853089400755443,0.49853801169590645,0.49853801169590645,0.4754125412896694,0.4754125412896694
39,0.006874574097085822,0.4868804664723032,0.4868804664723032,0.4753921811853488,0.4753921811853488
37,0.007002885308968502,0.4721030042918455,0.4721030042918455,0.4752594260850811,0.4752594260850811
38,0.007044229343273412,0.465149359886202,0.465149359886202,0.47521216218116097,0.47521216218116097
40,0.007063137435630272,0.4553191489361702,0.4553191489361702,0.4751913732054808,0.4751913732054808
37,0.0070834585712854425,0.4526166902404526,0.4526166902404526,0.47516625923364564,0.47516625923364564
39,0.00720549180738588,0.4673157162726008,0.4673157162726008,0.47502115085535884,0.47502115085535884
38,0.007316022088373538,0.4780821917808219,0.4780821917808219,0.474878539114453,0.474878539114453
37,0.007334816328984549,0.5,0.5,0.4748546495344624,0.4748546495344624
40,0.007336580672319442,0.5136612021857924,0.5136612021857924,0.4748523955247376,0.4748523955247376
39,0.007337021890786625,0.46174863387978143,0.46174863387978143,0.4748518315523372,0.4748518315523372
38,0.007494914880612419,0.4799465240641711,0.4799465240641711,0.47463999558728937,0.47463999558728937
41,0.007515105361777172,0.4706666666666667,0.4706666666666667,0.474612586460453,0.474612586460453
38,0.007615001553059528,0.45657894736842103,0.45657894736842103,0.4744739878100255,0.4744739878100255
40,0.007678043401994687,0.4451697127937337,0.4451697127937337,0.47438279233664604,0.47438279233664604
41,0.00770950504777086,0.4980494148244473,0.4980494148244473,0.474338459454055,0.474338459454055
40,0.007828867570845739,0.471190781049936,0.471190781049936,0.47416705808630033,0.47416705808630033
38,0.007837320478256948,0.4846547314578005,0.4846547314578005,0.4741548815165861,0.4741548815165861
39,0.007937621519773898,0.4861111111111111,0.4861111111111111,0.47400905645770475,0.47400905645770475
39,0.007947165878297122,0.4766708701134931,0.4766708701134931,0.4739951434137445,0.4739951434137445
42,0.0081172084819818,0.4740740740740741,0.4740740740740741,0.4737455124636972,0.4737455124636972
39,0.00816731470717922,0.449079754601227,0.449079754601227,0.4736713806680086,0.4736713806680086
42,0.008262888200314872,0.47572815533980584,0.47572815533980584,0.4735307111178358,0.4735307111178358
41,0.00828989574979952,0.4752116082224909,0.4752116082224909,0.47349116647038664,0.47349116647038664
41,0.008311026898052071,0.4692400482509047,0.4692400482509047,0.4734602255481889,0.4734602255481889
39,0.00841995529404689,0.4928571428571429,0.4928571428571429,0.47330077160301537,0.47330077160301537
40,0.008460559158755777,0.4727488151658768,0.4727488151658768,0.4732413856070722,0.4732413856070722
40,0.008559944671083624,0.5199063231850117,0.5199063231850117,0.47309604495301133,0.47309604495301133
40,0.008729641693811074,0.4695752009184845,0.4695752009184845,0.47284938914771013,0.47284938914771013
43,0.00874916066184945,0.4765177548682703,0.4765177548682703,0.47282120630516933,0.47282120630516933
43,0.008786535336716885,0.4657534246575342,0.4657534246575342,0.4727672738697561,0.4727672738697561
42,0.008822674272881305,0.48068181818181815,0.48068181818181815,0.4727152246008709,0.4727152246008709
42,0.008923737140794514,0.4696629213483146,0.4696629213483146,0.4725701187946258,0.4725701187946258
40,0.00899320246235287,0.4927536231884058,0.4927536231884058,0.4724707362371893,0.4724707362371893
41,0.009093369960799255,0.4729878721058434,0.4729878721058434,0.47232845578001936,0.47232845578001936
41,0.009172932330827067,0.49836065573770494,0.49836065573770494,0.47221583218338403,0.47221583218338403
41,0.00941268456981325,0.4728434504792332,0.4728434504792332,0.47187967301660577,0.47187967301660577
44,0.009439167026110681,0.4771519659936238,0.4771519659936238,0.47184292512422754,0.47184292512422754
44,0.00945192847405982,0.471898197242842,0.471898197242842,0.4718252483500991,0.4718252483500991
43,0.009475204042753725,0.48677248677248675,0.48677248677248675,0.47179306082257316,0.47179306082257316
43,0.009557429823593713,0.4858342077649528,0.4858342077649528,0.4716801205023784,0.4716801205023784
41,0.009607766445026126,0.48434237995824636,0.48434237995824636,0.471611631070796,0.471611631070796
42,0.009736580865763534,0.47167868177136973,0.47167868177136973,0.47143813742797597,0.47143813742797597
42,0.00985651402272112,0.4750762970498474,0.4750762970498474,0.47127917378428946,0.47127917378428946
42,0.00998706494600367,0.4538152610441767,0.4538152610441767,0.47111147878660964,0.47111147878660964
45,0.009995889353425371,0.46038114343029085,0.46038114343029085,0.4711003553943773,0.4711003553943773
44,0.010128359406337746,0.48415841584158414,0.48415841584158414,0.4709350997926599,0.4709350997926599
45,0.010222302475823602,0.4847890088321884,0.4847890088321884,0.4708206209563705,0.4708206209563705
44,0.010230692076228686,0.4764705882352941,0.4764705882352941,0.4708106280356692,0.4708106280356692
42,0.010281048767277177,0.4653658536585366,0.4653658536585366,0.4707500955519847,0.4707500955519847
43,0.010380622837370242,0.4801932367149758,0.4801932367149758,0.4706349609802966,0.4706349609802966
43,0.010409771947770624,0.4865125240847784,0.4865125240847784,0.47060196508735047,0.47060196508735047
43,0.010550490918755203,0.4847908745247148,0.4847908745247148,0.47044698886730807,0.47044698886730807
46,0.010609919974327604,0.45085066162570886,0.45085066162570886,0.47038353269202604,0.47038353269202604
46,0.010727654065770855,0.4714686623012161,0.4714686623012161,0.4702591644511202,0.4702591644511202
45,0.010753874705321763,0.47947761194029853,0.47947761194029853,0.47022897934732366,0.47022897934732366
45,0.010866075370229161,0.4727608494921514,0.4727608494921514,0.47011140100975846,0.47011140100975846
43,0.010875672204831849,0.4621771217712177,0.4621771217712177,0.47010183554038076,0.47010183554038076
44,0.010996177423724052,0.46897810218978103,0.46897810218978103,0.4699839011489419,0.4699839011489419
44,0.011075996990218209,0.48641304347826086,0.48641304347826086,0.469908056306542,0.469908056306542
44,0.011125601926163724,0.4733994589720469,0.4733994589720469,0.4698618117215261,0.4698618117215261
47,0.011145777947210545,0.44824482448244823,0.44824482448244823,0.46984318994598717,0.46984318994598717
46,0.011329881181759795,0.45704162976085033,0.45704162976085033,0.4696741896296216,0.4696741896296216
47,0.011344470323668782,0.4486725663716814,0.4486725663716814,0.469661398562139,0.469661398562139
46,0.011599670874390415,0.4826989619377163,0.4826989619377163,0.4694296399062451,0.4694296399062451
44,0.011610986783345208,0.4788245462402766,0.4788245462402766,0.46942036271376547,0.46942036271376547
45,0.01164284567207323,0.4879310344827586,0.4879310344827586,0.46939443688494764,0.46939443688494764
45,0.011692560921755189,0.46437768240343347,0.46437768240343347,0.46935455367600004,0.46935455367600004
45,0.01170224510482843,0.45969125214408235,0.45969125214408235,0.4693468659635177,0.4693468659635177
48,0.011831528665616313,0.46395250212044103,0.46395250212044103,0.4692466994187429,0.4692466994187429
47,0.012065607998233321,0.4584026622296173,0.4584026622296173,0.46906919882554615,0.46906919882554615
48,0.012180060046792316,0.4542456718878813,0.4542456718878813,0.4689781542056051,0.4689781542056051
46,0.012238710066062931,0.4602132895816243,0.4602132895816243,0.46893746619947835,0.46893746619947835
46,0.012389682627335617,0.47811993517017826,0.47811993517017826,0.46882816638835684,0.46882816638835684
47,0.012405030259843231,0.4684466019417476,0.4684466019417476,0.4688185216716047,0.4688185216716047
45,0.012446550097364142,0.46774193548387094,0.46774193548387094,0.46879276042550516,0.46879276042550516
46,0.012538649961851986,0.46517213771016813,0.46517213771016813,0.46873729687416604,0.46873729687416604
49,0.012597618999819317,0.45338645418326695,0.45338645418326695,0.4687009631810671,0.4687009631810671
48,0.012812274078239216,0.47492163009404387,0.47492163009404387,0.4685787433999873,0.4685787433999873
49,0.012837383102468031,0.4624413145539906,0.4624413145539906,0.4685613672192441,0.4685613672192441
47,0.012966013176924312,0.4616576297443842,0.4616576297443842,0.4684832457223267,0.4684832457223267
47,0.013037888223713287,0.4676425269645609,0.4676425269645609,0.4684485431909542,0.4684485431909542
48,0.013250351335073279,0.471969696969697,0.471969696969697,0.4683528099571919,0.4683528099571919
47,0.013276424805423048,0.4629349470499244,0.4629349470499244,0.468341682696895,0.468341682696895
50,0.01329570902079714,0.45468277945619334,0.45468277945619334,0.46833352834631303,0.46833352834631303
46,0.013312718364724307,0.47058823529411764,0.47058823529411764,0.4683263589141068,0.4683263589141068
50,0.013624991208062457,0.46828908554572274,0.46828908554572274,0.468180838995357,0.468180838995357
48,0.013715698194350942,0.4747252747252747,0.4747252747252747,0.46814514497470766,0.46814514497470766
49,0.013719267234452836,0.46266471449487556,0.46266471449487556,0.4681438598533076,0.4681438598533076
48,0.013884144748739174,0.46526772793053545,0.46526772793053545,0.4680789398460938,0.4680789398460938
47,0.01405182804339092,0.45461043602573264,0.45461043602573264,0.46802402064430904,0.46802402064430904
51,0.014076299370032856,0.45253390435403285,0.45253390435403285,0.4680061152160665,0.4680061152160665
49,0.014078425465682583,0.4743223965763195,0.4743223965763195,0.46800544301192537,0.46800544301192537
48,0.014093561964459713,0.4647184604419102,0.4647184604419102,0.4680006691006438,0.4680006691006438
51,0.014274082488113309,0.46619718309859154,0.46619718309859154,0.4679328229122769,0.4679328229122769
50,0.014447469683421579,0.4756606397774687,0.4756606397774687,0.4678752808995156,0.4678752808995156
49,0.01450571985765697,0.4573804573804574,0.4573804573804574,0.46785267165243827,0.46785267165243827
49,0.01479352381335236,0.47554347826086957,0.47554347826086957,0.4677716080397695,0.4677716080397695
50,0.014799260539324037,0.4623217922606925,0.4623217922606925,0.467770009892057,0.467770009892057
49,0.014812283945654795,0.4708276797829037,0.4708276797829037,0.4677663825832565,0.4677663825832565
52,0.01494652621421679,0.44989912575655683,0.44989912575655683,0.4676992073642946,0.4676992073642946
48,0.014980558430206271,0.45137491616364855,0.45137491616364855,0.46768992215611155,0.46768992215611155
52,0.015043793932202367,0.4552139037433155,0.4552139037433155,0.46767048840283526,0.46767048840283526
51,0.015107957058421455,0.4717232202262142,0.4717232202262142,0.4676507805909158,0.4676507805909158
50,0.015505123125961529,0.4584954604409857,0.4584954604409857,0.4675456849373345,0.4675456849373345
50,0.015594835907335907,0.4687298517085751,0.4687298517085751,0.4675100649584544,0.4675100649584544
51,0.01564086326307007,0.4607969151670951,0.4607969151670951,0.4674980436913773,0.4674980436913773
50,0.015731963529991254,0.49009584664536743,0.49009584664536743,0.4674605106346952,0.4674605106346952
53,0.015806938159879335,0.4631043256997455,0.4631043256997455,0.46743557161014926,0.46743557161014926
49,0.01591210646938201,0.4459886291850916,0.4459886291850916,0.4674097035607027,0.4674097035607027
52,0.015930965814802522,0.4652777777777778,0.4652777777777778,0.46740511224643927,0.46740511224643927
53,0.016023577693731392,0.4500941619585687,0.4500941619585687,0.46737862710830547,0.46737862710830547
51,0.016525683708673217,0.4607425441265977,0.4607425441265977,0.4672367505317088,0.4672367505317088
52,0.016562085193676843,0.4632665452337584,0.4632665452337584,0.4672248691865613,0.4672248691865613
51,0.016614536713902103,0.4654963680387409,0.4654963680387409,0.46721326196897267,0.46721326196897267
51,0.01666398487469327,0.4755582377791189,0.4755582377791189,0.4672022664271772,0.4672022664271772
54,0.01671964910868778,0.45788206979542717,0.45788206979542717,0.4671796541542729,0.4671796541542729
53,0.016734759595065107,0.4672279013830427,0.4672279013830427,0.4671753279806575,0.4671753279806575
50,0.016812975755930295,0.4605263157894737,0.4605263157894737,0.46715838014023436,0.46715838014023436
54,0.016916574418838683,0.4592504461629982,0.4592504461629982,0.46713044764214634,0.46713044764214634
52,0.017479948878445423,0.4657455382843984,0.4657455382843984,0.46698635014375905,0.46698635014375905
51,0.01750978636048021,0.46839080459770116,0.46839080459770116,0.46698028138285025,0.46698028138285025
52,0.017606696581282572,0.48228571428571426,0.48228571428571426,0.46696059705661525,0.46696059705661525
55,0.017613962336315965,0.46,0.46,0.4669591229875858,0.4669591229875858
54,0.017619282542814856,0.472,0.472,0.46695804378484856,0.46695804378484856
52,0.017648005795468266,0.4669327251995439,0.4669327251995439,0.4669522195198741,0.4669522195198741
53,0.017654514727184933,0.4740740740740741,0.4740740740740741,0.46695090020897956,0.46695090020897956
55,0.0177113225595328,0.45309835133598636,0.45309835133598636,0.4669363001595967,0.4669363001595967
53,0.018424549957714146,0.4644808743169399,0.4644808743169399,0.4667726628362211,0.4667726628362211
52,0.01846463629499119,0.46401308615049075,0.46401308615049075,0.46676363471947757,0.46676363471947757
54,0.018491675222967123,0.46543277082199236,0.46543277082199236,0.4667586260709556,0.4667586260709556
53,0.018582458400861677,0.47778981581798485,0.47778981581798485,0.46674195425489845,0.46674195425489845
56,0.01867050684283139,0.46116504854368934,0.46116504854368934,0.46672168263213915,0.46672168263213915
55,0.018716065798354033,0.4736275565123789,0.4736275565123789,0.46671036726820614,0.46671036726820614
53,0.018744463235886286,0.4548872180451128,0.4548872180451128,0.4667053198821084,0.4667053198821084
56,0.018747418578178045,0.4551316496507254,0.4551316496507254,0.4667047957583108,0.4667047957583108
54,0.019490919346877928,0.4697674418604651,0.4697674418604651,0.4665603705828073,0.4665603705828073
55,0.019578616605567416,0.463477366255144,0.463477366255144,0.4665419480249541,0.4665419480249541
53,0.019650501082741603,0.46232701178882624,0.46232701178882624,0.4665299809361216,0.4665299809361216
54,0.01966235545348322,0.45850409836065575,0.45850409836065575,0.46652812711633185,0.46652812711633185
57,0.019746320232925982,0.46683673469387754,0.46683673469387754,0.46651233929463726,0.46651233929463726
54,0.019768378650553878,0.4686704024452369,0.4686704024452369,0.46650560265765567,0.46650560265765567
57,0.019816950245947908,0.45930824008138355,0.45930824008138355,0.4664976190417972,0.4664976190417972
56,0.019823832943642667,0.47381799694966953,0.47381799694966953,0.46649655962217285,0.46649655962217285
55,0.02051840206393357,0.48035363457760316,0.48035363457760316,0.4663772571087042,0.4663772571087042
56,0.020758177311110664,0.46601941747572817,0.46601941747572817,0.46633013550487196,0.46633013550487196
54,0.02083585217426349,0.4734042553191489,0.4734042553191489,0.4663189217309401,0.4663189217309401
55,0.02085054922906379,0.46495891735137745,0.46495891735137745,0.466315781511669,0.466315781511669
58,0.02089296512799839,0.47081524360829713,0.47081524360829713,0.4663086379376312,0.4663086379376312
58,0.02096526965431003,0.45646945646945647,0.45646945646945647,0.46629401947502847,0.46629401947502847
57,0.020993828903319484,0.47262247838616717,0.47262247838616717,0.4662899380908404,0.4662899380908404
55,0.020998538969217592,0.45633397312859886,0.45633397312859886,0.4662892650369045,0.4662892650369045
56,0.021697922968340392,0.4837360594795539,0.4837360594795539,0.4661818813870818,0.4661818813870818
59,0.02185753767323637,0.4683894785417628,0.4683894785417628,0.46614685419044327,0.46614685419044327
57,0.021919741883444244,0.4724011039558418,0.4724011039558418,0.46613767598624767,0.46613767598624767
55,0.022046593211625116,0.4609053497942387,0.4609053497942387,0.46611272231738493,0.46611272231738493
56,0.02207142713101696,0.4719049794426679,0.4719049794426679,0.46610828139331395,0.46610828139331395
59,0.022111485464119274,0.46806569343065696,0.46806569343065696,0.46610233891252384,0.46610233891252384
56,0.022309592217349666,0.45232715770447357,0.45232715770447357,0.4660695607211066,0.4660695607211066
58,0.02235470951991849,0.48104693140794225,0.48104693140794225,0.466062683794973,0.466062683794973
60,0.022871100255356946,0.4646954986760812,0.4646954986760812,0.4659773716413357,0.4659773716413357
57,0.022932262555741642,0.47822261328640564,0.47822261328640564,0.46596754267126167,0.46596754267126167
58,0.023041614123581338,0.47591943957968474,0.47591943957968474,0.4659460505371441,0.4659460505371441
60,0.023256048692351948,0.4596354166666667,0.4596354166666667,0.4659069289701639,0.4659069289701639
56,0.02338998436633214,0.46614920224234585,0.46614920224234585,0.4658796863112639,0.4658796863112639
57,0.023397064016546436,0.45838723587753344,0.45838723587753344,0.4658785346936551,0.4658785346936551
59,0.023479059626313505,0.472914875322442,0.472914875322442,0.465865127495873,0.465865127495873
57,0.023564064801178203,0.4589041095890411,0.4589041095890411,0.4658510836952007,0.4658510836952007
61,0.024265864200024235,0.4665002080732418,0.4665002080732418,0.4657246347198926,0.4657246347198926
59,0.0243373104798821,0.4873496474491912,0.4873496474491912,0.46571193598236943,0.46571193598236943
58,0.024359466171333968,0.4608371322005802,0.4608371322005802,0.46570744372867645,0.46570744372867645
61,0.02437176793794441,0.46249481972648154,0.46249481972648154,0.4657050416834335,0.4657050416834335
58,0.024594384484133796,0.48111658456486045,0.48111658456486045,0.4656640326813774,0.4656640326813774
57,0.02464451149976284,0.4664209664209664,0.4664209664209664,0.4656549941657468,0.4656549941657468
60,0.024893709415174558,0.4649087221095335,0.4649087221095335,0.4656094713557691,0.4656094713557691
58,0.02501715577443184,0.4598628479225494,0.4598628479225494,0.4655862578017519,0.4655862578017519
62,0.025632994523814335,0.4580212849822625,0.4580212849822625,0.46546905180445025,0.46546905180445025
59,0.025675211603337172,0.45239968528717545,0.45239968528717545,0.4654609777198084,0.4654609777198084
60,0.02569567193576082,0.47091194968553457,0.47091194968553457,0.4654571359349872,0.4654571359349872
62,0.025728866656561062,0.4713275726630008,0.4713275726630008,0.4654507836696592,0.4654507836696592
58,0.02588731996040644,0.4584471322668748,0.4584471322668748,0.4654207873513983,0.4654207873513983
59,0.026121475974504794,0.47138437741686,0.47138437741686,0.46537650610310916,0.46537650610310916
59,0.026306753918242044,0.46372360844529753,0.46372360844529753,0.4653417486272753,0.4653417486272753
61,0.026362322794466844,0.459563050977386,0.459563050977386,0.46533133907579627,0.46533133907579627
60,0.027063079814863472,0.4648991784914115,0.4648991784914115,0.46520108321431525,0.46520108321431525
63,0.027063106796116506,0.4786995515695067,0.4786995515695067,0.4652010782327207,0.4652010782327207
61,0.027114704396159678,0.4677599701826314,0.4677599701826314,0.4651915577357843,0.4651915577357843
63,0.027114737193291074,0.46196868008948544,0.46196868008948544,0.4651915516878401,0.4651915516878401
59,0.027287335644334845,0.4711111111111111,0.4711111111111111,0.46515979972811095,0.46515979972811095
60,0.027414708112206216,0.4693952802359882,0.4693952802359882,0.4651368471681676,0.4651368471681676
60,0.027797987146841275,0.46564885496183206,0.46564885496183206,0.46506645385438794,0.46506645385438794
62,0.027888446215139442,0.45540246555474984,0.45540246555474984,0.4650506550438289,0.4650506550438289
64,0.028368435434736404,0.47520513735283626,0.47520513735283626,0.4649620558254556,0.4649620558254556
62,0.028540221282792936,0.46102055279943305,0.46102055279943305,0.4649304906803647,0.4649304906803647
61,0.028616209110672936,0.4639575971731449,0.4639575971731449,0.46491626521483426,0.46491626521483426
61,0.028658715466399604,0.4701729615248853,0.4701729615248853,0.46490859150177505,0.46490859150177505
64,0.0287251689120848,0.4647887323943662,0.4647887323943662,0.4648960787964753,0.4648960787964753
60,0.02897217053636437,0.4642233856893543,0.4642233856893543,0.46485068983231825,0.46485068983231825
61,0.029452504928972247,0.46446961894953653,0.46446961894953653,0.464761526751338,0.464761526751338
63,0.029606926827294613,0.4564400409976085,0.4564400409976085,0.4647326729961357,0.4647326729961357
65,0.029858002309234914,0.47421981004070557,0.47421981004070557,0.4646858214111264,0.4646858214111264
63,0.02999453540852881,0.45951417004048584,0.45951417004048584,0.464659848262385,0.464659848262385
62,0.03019750361904376,0.46798524974857525,0.46798524974857525,0.4646210762283997,0.4646210762283997
65,0.030265302197524116,0.4665551839464883,0.4665551839464883,0.46460781695147524,0.46460781695147524
62,0.03029199295817398,0.4649298597194389,0.4649298597194389,0.46460259254391667,0.46460259254391667
61,0.030552041694074786,0.45743623716462406,0.45743623716462406,0.4645535047234666,0.4645535047234666
62,0.031093482814096792,0.46827204685974616,0.46827204685974616,0.46445052876908455,0.46445052876908455
64,0.03124588803303744,0.46290897311305473,0.46290897311305473,0.4644205779033829,0.4644205779033829
64,0.031527562563931175,0.4584002569868294,0.4584002569868294,0.46436894668883516,0.46436894668883516
66,0.0316078558543951,0.4735492144918243,0.4735492144918243,0.4643535750884455,0.4643535750884455
63,0.031995705546327434,0.4735675846786958,0.4735675846786958,0.4642805029564046,0.4642805029564046
63,0.03200040494027131,0.4590319519139513,0.4590319519139513,0.46427957773832684,0.46427957773832684
66,0.032070886075949365,0.46574044837385536,0.46574044837385536,0.4642657012212417,0.4642657012212417
62,0.03218488586417127,0.4631843926998112,0.4631843926998112,0.4642432528236248,0.4642432528236248
63,0.032619373132816855,0.4725240608506675,0.4725240608506675,0.464160548265801,0.464160548265801
65,0.03266695712968498,0.4705334987593052,0.4705334987593052,0.4641511365212147,0.4641511365212147
67,0.03324543610547667,0.46064673581452104,0.46064673581452104,0.46404274476258595,0.46404274476258595
65,0.03338062423996757,0.4666059502125076,0.4666059502125076,0.4640156070264257,0.4640156070264257
64,0.03370991438269416,0.4580703336339044,0.4580703336339044,0.4639504638471775,0.4639504638471775
64,0.033798163649998984,0.4656671664167916,0.4656671664167916,0.46393238498335926,0.46393238498335926
64,0.033991950608773226,0.4646585147628989,0.4646585147628989,0.4638932008505344,0.4638932008505344
67,0.03400753921608366,0.46245530393325385,0.46245530393325385,0.46388996138199695,0.46388996138199695
63,0.03402387853971986,0.4676794757223712,0.4676794757223712,0.4638865625731022,0.4638865625731022
66,0.03454184155565018,0.4660992075139419,0.4660992075139419,0.46378364803826727,0.46378364803826727
68,0.034790374798290925,0.45536756126021005,0.45536756126021005,0.4637349779373806,0.4637349779373806
65,0.03536951407479517,0.4607224770642202,0.4607224770642202,0.4636111611394016,0.4636111611394016
66,0.035418779152301766,0.4738047523618666,0.4738047523618666,0.4635999116494893,0.4635999116494893
65,0.035636053869868574,0.46158224245873647,0.46158224245873647,0.4635507506688131,0.4635507506688131
65,0.03574690017655296,0.46494464944649444,0.46494464944649444,0.4635256420308108,0.4635256420308108
68,0.0358598868223029,0.45588235294117646,0.45588235294117646,0.4634990516150748,0.4634990516150748
64,0.03605184163556709,0.4742616033755274,0.4742616033755274,0.4634575054644368,0.4634575054644368
67,0.036261071598875844,0.4664241745942921,0.4664241745942921,0.46340869661262296,0.46340869661262296
69,0.03662400975015235,0.4597892401552967,0.4597892401552967,0.4633312911354869,0.4633312911354869
66,0.0372692865767658,0.45875306289136947,0.45875306289136947,0.4631711230858647,0.4631711230858647
67,0.03738697139145702,0.46878393051031486,0.46878393051031486,0.46314271543346847,0.46314271543346847
66,0.03766323442799407,0.4710164464815314,0.4710164464815314,0.4630791074976687,0.4630791074976687
66,0.03767112861158753,0.46417025862068967,0.46417025862068967,0.46307708809662085,0.46307708809662085
69,0.03774676478051256,0.4525410056466792,0.4525410056466792,0.46305772725163363,0.46305772725163363
65,0.03775384896430638,0.464247311827957,0.464247311827957,0.4630559128230355,0.4630559128230355
68,0.03804281594020392,0.45301655098772026,0.45301655098772026,0.462988784213192,0.462988784213192
70,0.038519783313514445,0.45910290237467016,0.45910290237467016,0.4628763530046351,0.4628763530046351
67,0.039335939483170025,0.4568921011874032,0.4568921011874032,0.46267022293181276,0.46267022293181276
68,0.03947876251802799,0.4633393362490352,0.4633393362490352,0.46263540925376073,0.46263540925376073
66,0.039589576878142935,0.46086733384654865,0.46086733384654865,0.46260983744488354,0.46260983744488354
70,0.039655049822750865,0.46337090163934425,0.46337090163934425,0.4625968547185773,0.4625968547185773
67,0.03971786897575055,0.4718526100307062,0.4718526100307062,0.46258064434642254,0.46258064434642254
67,0.03993825969515725,0.4652936689549962,0.4652936689549962,0.4625238800217653,0.4625238800217653
69,0.03996545066558277,0.4624968217645563,0.4624968217645563,0.46251741588748674,0.46251741588748674
71,0.0405365551046974,0.4638735574510788,0.4638735574510788,0.46237837153526534,0.46237837153526534
69,0.041514575347479946,0.45113886847905954,0.45113886847905954,0.46213678923799506,0.46213678923799506
68,0.041595105740795314,0.45663327632543366,0.45663327632543366,0.4621164468507089,0.4621164468507089
68,0.04165055852849615,0.47191011235955055,0.47191011235955055,0.4621024539993407,0.4621024539993407
67,0.04166624291917949,0.4571637783744203,0.4571637783744203,0.46209849834219147,0.46209849834219147
70,0.04193279362108946,0.4545234052874121,0.4545234052874121,0.4620344384702443,0.4620344384702443
68,0.041971971259870525,0.46416464891041165,0.46416464891041165,0.46202584190379076,0.46202584190379076
71,0.04197588597686192,0.4620973601356261,0.4620973601356261,0.46202485596428416,0.46202485596428416
72,0.04267771354124257,0.47507751013594085,0.47507751013594085,0.4618520746717952,0.4618520746717952
69,0.04358230232676544,0.4719626168224299,0.4719626168224299,0.4616305559446695,0.4616305559446695
69,0.04375025430280344,0.45524296675191817,0.45524296675191817,0.46158868622615723,0.46158868622615723
68,0.04387214983713355,0.46473317865429237,0.46473317865429237,0.4615607361900143,0.4615607361900143
70,0.04388437236088359,0.46046835149547877,0.46046835149547877,0.46155764138795713,0.46155764138795713
71,0.04403187883599499,0.4521497919556172,0.4521497919556172,0.46152025544797365,0.46152025544797365
72,0.04410238671739882,0.4675893886966551,0.4675893886966551,0.46150236094983643,0.46150236094983643
69,0.04440692446957831,0.45258818140174073,0.45258818140174073,0.4614262442299643,0.4614262442299643
73,0.044962361593545955,0.4662437698232895,0.4662437698232895,0.4612874089944454,0.4612874089944454
70,0.045584742566486244,0.47808586762075134,0.47808586762075134,0.4611303999230991,0.4611303999230991
71,0.04591977024838838,0.4675094255932579,0.4675094255932579,0.4610469802325652,0.4610469802325652
70,0.045995031966445415,0.4548472775564409,0.4548472775564409,0.4610273574462827,0.4610273574462827
69,0.046092245621542315,0.4604332449160035,0.4604332449160035,0.4610019689038389,0.4610019689038389
72,0.04609506342656274,0.45866489832007074,0.45866489832007074,0.46100130134888995,0.46100130134888995
73,0.04630063336252367,0.4691005058280185,0.4691005058280185,0.46094917418076453,0.46094917418076453
70,0.04658242798814821,0.45879781420765026,0.45879781420765026,0.460878294596858,0.460878294596858
74,0.04736418223894139,0.45479982780886785,0.45479982780886785,0.46067328945170516,0.46067328945170516
71,0.047858607916568874,0.4722814498933902,0.4722814498933902,0.46054442113570637,0.46054442113570637
73,0.04831075567161743,0.4594594594594595,0.4594594594594595,0.4604251162153671,0.4604251162153671
70,0.04832558329254365,0.4534711964549483,0.4534711964549483,0.4604212707848827,0.4604212707848827
72,0.048360789430761705,0.46606239460370996,0.46606239460370996,0.4604117162322669,0.4604117162322669
71,0.04836161647046833,0.4522655426765016,0.4522655426765016,0.460411491699112,0.460411491699112
74,0.048592568435213306,0.4624580536912752,0.4624580536912752,0.4603497745880266,0.4603497745880266
71,0.048949267238743606,0.45388298979804287,0.45388298979804287,0.4602522408753405,0.4602522408753405
75,0.04976124398008326,0.46093910190691,0.46093910190691,0.4600328314494776,0.4600328314494776
72,0.0501455938697318,0.4676039119804401,0.4676039119804401,0.45993238456161145,0.45993238456161145
71,0.050608361914094395,0.4509883017345704,0.4509883017345704,0.4598059722266892,0.4598059722266892
72,0.050692184487314204,0.45461863554035015,0.45461863554035015,0.45978256223137987,0.45978256223137987
74,0.05082548012619585,0.46343913218159904,0.46343913218159904,0.4597453046705419,0.4597453046705419
73,0.05084226958748686,0.45896046558298215,0.45896046558298215,0.45974060940258143,0.45974060940258143
75,0.05111961234378985,0.46856914787467574,0.46856914787467574,0.45966542137031235,0.45966542137031235
72,0.05132548315340503,0.46421471172962225,0.46421471172962225,0.45960809672799063,0.45960809672799063
76,0.05232195929039045,0.4581300019519813,0.4581300019519813,0.4593332335664211,0.4593332335664211
73,0.05274987995136753,0.4516753825295371,0.4516753825295371,0.45921724326644575,0.45921724326644575
73,0.05283555228337117,0.4639055544803561,0.4639055544803561,0.45919312460599704,0.45919312460599704
72,0.0529925187032419,0.4609450337512054,0.4609450337512054,0.4591490189264773,0.4591490189264773
74,0.053210503201822024,0.4604606525911708,0.4604606525911708,0.459087706796502,0.459087706796502
75,0.05352342991466094,0.46037807905289285,0.46037807905289285,0.45900148110085137,0.45900148110085137
76,0.05354388617072348,0.4673788630293781,0.4673788630293781,0.458996096296931,0.458996096296931
73,0.05406067785186925,0.4627880619569324,0.4627880619569324,0.4588516199194339,0.4588516199194339
77,0.054947751579722294,0.4570152586527726,0.4570152586527726,0.45860823403114054,0.45860823403114054
74,0.055167047211442964,0.4602821083890126,0.4602821083890126,0.4585472877813619,0.4585472877813619
74,0.05522307133576814,0.45146350500185256,0.45146350500185256,0.458532281214543,0.458532281214543
73,0.0557004756789934,0.463544536271809,0.463544536271809,0.4583999939590786,0.4583999939590786
75,0.05582931217796679,0.4652993957150705,0.4652993957150705,0.4583638468721136,0.4583638468721136
77,0.05606683436611653,0.4583257340871785,0.4583257340871785,0.45829734986640286,0.45829734986640286
76,0.05619403366934452,0.45692952103441997,0.45692952103441997,0.45826163189400776,0.45826163189400776
74,0.056591620146003316,0.45329719963866305,0.45329719963866305,0.45815235984888636,0.45815235984888636
78,0.05754350051177073,0.4533973674848808,0.4533973674848808,0.45788818892283695,0.45788818892283695
75,0.0576357355910661,0.4620309443357638,0.4620309443357638,0.457862061688936,0.457862061688936
75,0.05774587310039733,0.45681858485547083,0.45681858485547083,0.45783083319959045,0.45783083319959045
76,0.05846163295389403,0.4521099632288566,0.4521099632288566,0.4576287756319624,0.4576287756319624
74,0.0585054634456062,0.4540521617363907,0.4540521617363907,0.45761626168063746,0.45761626168063746
78,0.05870851503797883,0.46242371403661725,0.46242371403661725,0.4575617989127177,0.4575617989127177
77,0.05876385843392012,0.45143853530950306,0.45143853530950306,0.4575469825754414,0.4575469825754414
75,0.059260776082727555,0.4521423635107118,0.4521423635107118,0.4574063967374513,0.4574063967374513
76,0.060235400355050234,0.46439522998296423,0.46439522998296423,0.45712592454616247,0.45712592454616247
79,0.06035056805958223,0.4455949753861823,0.4455949753861823,0.45709270726815376,0.45709270726815376
76,0.06052153939232355,0.4530667570315147,0.4530667570315147,0.4570435912808541,0.4570435912808541
75,0.061096182642407335,0.45190532147053886,0.45190532147053886,0.45688413217264023,0.45688413217264023
77,0.06122700015375942,0.4533735141469948,0.4533735141469948,0.45684694742829834,0.45684694742829834
78,0.06147738580060113,0.45135991990655766,0.45135991990655766,0.4567743258545846,0.4567743258545846
79,0.061575042020251713,0.46488015978695074,0.46488015978695074,0.456746151369419,0.456746151369419
76,0.06161497052037939,0.46197370610750543,0.46197370610750543,0.4567350893822873,0.4567350893822873
80,0.06295908736509499,0.4443539188528597,0.4443539188528597,0.45634847995331973,0.45634847995331973
77,0.06315367702960939,0.4602244997559785,0.4602244997559785,0.456293879534068,0.456293879534068
77,0.06341303165005287,0.4628460417678485,0.4628460417678485,0.45621846162643676,0.45621846162643676
76,0.06394865211810012,0.4547936405973984,0.4547936405973984,0.45606219398924286,0.45606219398924286
79,0.06407715139626362,0.45872736015387083,0.45872736015387083,0.4560243818141382,0.4560243818141382
78,0.06411427281402962,0.45214468629961585,0.45214468629961585,0.4560134550262906,0.4560134550262906
80,0.06446812004762491,0.4669638592580799,0.4669638592580799,0.45590969780548773,0.45590969780548773
77,0.06456812558392624,0.46589282874860866,0.46589282874860866,0.4558802831419693,0.4558802831419693
81,0.06587865593164641,0.44473889321901794,0.44473889321901794,0.4555029474682202,0.4555029474682202
78,0.06620793219781124,0.4629485785303713,0.4629485785303713,0.45540642171024076,0.45540642171024076
78,0.06630476131725323,0.46239727089471233,0.46239727089471233,0.4553776736760611,0.4553776736760611
80,0.06654668860551213,0.45495286663575957,0.45495286663575957,0.45530604573115274,0.45530604573115274
79,0.06689269019366106,0.4555367839041622,0.4555367839041622,0.45520355954145647,0.45520355954145647
77,0.06691338987406836,0.4558303886925795,0.4558303886925795,0.4551978043411437,0.4551978043411437
78,0.06721920019743134,0.455713630105553,0.455713630105553,0.45511262413414694,0.45511262413414694
81,0.06747173689619733,0.45818735719725817,0.45818735719725817,0.4550387467278233,0.4550387467278233
82,0.06848032913345332,0.4484830279363172,0.4484830279363172,0.4547402850315171,0.4547402850315171
79,0.06901807321971062,0.46150402864816475,0.46150402864816475,0.4545776191307257,0.4545776191307257
79,0.0690855177810267,0.45365126676602086,0.45365126676602086,0.4545570590137185,0.4545570590137185
80,0.06931161919271986,0.45017080053467995,0.45017080053467995,0.45449241620758496,0.45449241620758496
81,0.06944873458124833,0.46404744255003705,0.46404744255003705,0.45445250663836034,0.45445250663836034
78,0.07005733460972322,0.4526888039964737,0.4526888039964737,0.45427166748514064,0.45427166748514064
79,0.07024661483807856,0.455584872471416,0.455584872471416,0.4542134753887602,0.4542134753887602
82,0.07039194697188028,0.45869279134376373,0.45869279134376373,0.4541685695137673,0.4541685695137673
83,0.07171105481060372,0.45296567571449087,0.45296567571449087,0.45376902813707404,0.45376902813707404
80,0.07173791994060509,0.45206267069138995,0.45206267069138995,0.4537605314519751,0.4537605314519751
80,0.07201484842235513,0.4540378006872852,0.4540378006872852,0.4536732238576769,0.4536732238576769
81,0.07255429460816146,0.4513425202443529,0.4513425202443529,0.4535053170133923,0.4535053170133923
82,0.07258197566508559,0.4557465549083677,0.4557465549083677,0.4534964275322952,0.4534964275322952
80,0.07316670791058319,0.45025366403607664,0.45025366403607664,0.45331341882426746,0.45331341882426746
79,0.07331801366404583,0.45101897399859453,0.45101897399859453,0.45326500966047806,0.45326500966047806
83,0.07336357076590043,0.45440494590417313,0.45440494590417313,0.4532501772824128,0.4532501772824128
81,0.0743717139581246,0.4504166666666667,0.4504166666666667,0.4529358747187926,0.4529358747187926
84,0.07456466121977387,0.45323741007194246,0.45323741007194246,0.45287189888204366,0.45287189888204366
81,0.07480071042088307,0.45168415240198784,0.45168415240198784,0.45279812698440325,0.45279812698440325
82,0.07530378583743715,0.4489991774060872,0.4489991774060872,0.452634647441002,0.452634647441002
83,0.07543350511737429,0.45468236582694416,0.45468236582694416,0.45259090112403766,0.45259090112403766
80,0.07603624803897284,0.44997963893036513,0.44997963893036513,0.4524021871057539,0.4524021871057539
81,0.07624642514221998,0.45538253215978336,0.45538253215978336,0.4523316217227217,0.4523316217227217
84,0.07634257634257634,0.45828262339418524,0.45828262339418524,0.4522986823272555,0.4522986823272555
85,0.07724257640567851,0.4483681112894596,0.4483681112894596,0.4519984213981643,0.4519984213981643
82,0.07740207081311998,0.4526259521582253,0.4526259521582253,0.4519484340956381,0.4519484340956381
82,0.0778666059922847,0.45052463806614423,0.45052463806614423,0.4518001210944424,0.4518001210944424
83,0.07849645830101856,0.4443419839283362,0.4443419839283362,0.4515864577405908,0.4515864577405908
84,0.07869489703084939,0.4573042564372044,0.4573042564372044,0.4515158013421761,0.4515158013421761
81,0.07891444817782373,0.44857854054762214,0.44857854054762214,0.4514436783755005,0.4514436783755005
82,0.0790682278952377,0.4502878074306646,0.4502878074306646,0.4513882892255802,0.4513882892255802
85,0.07958316533821294,0.4579111457521434,0.4579111457521434,0.451219379974206,0.451219379974206
86,0.08012007660059003,0.44922480620155036,0.44922480620155036,0.4510375468827421,0.4510375468827421
83,0.08061191726480854,0.45432352563278944,0.45432352563278944,0.45086437312832234,0.45086437312832234
83,0.08075209779343209,0.45157152020525976,0.45157152020525976,0.45081945387356487,0.45081945387356487
84,0.08173729296361132,0.44557090356101886,0.44557090356101886,0.450477290472437,0.450477290472437
85,0.08184275667781794,0.44937990382181725,0.44937990382181725,0.4504420409182088,0.4504420409182088
82,0.0818921773709173,0.44726858877086495,0.44726858877086495,0.4504233099942724,0.4504233099942724
83,0.08230857687486402,0.44770295783511643,0.44770295783511643,0.45028083583869016,0.45028083583869016
86,0.08294592104037025,0.44863312944701034,0.44863312944701034,0.4500419394202904,0.4500419394202904
87,0.08325731818558753,0.4541832669322709,0.4541832669322709,0.4499365453987312,0.4499365453987312
84,0.08366695015453546,0.45754307673236644,0.45754307673236644,0.44978707754309477,0.44978707754309477
84,0.08380027393848835,0.4549281822684497,0.4549281822684497,0.4497445710429941,0.4497445710429941
86,0.08491837962290763,0.4422325354176844,0.4422325354176844,0.44933099136107185,0.44933099136107185
85,0.08506643708444407,0.45409096451652237,0.45409096451652237,0.44927131472400605,0.44927131472400605
83,0.08514676900736438,0.44804482884638813,0.44804482884638813,0.44924528230894933,0.44924528230894933
84,0.08584768624195892,0.44754653130287647,0.44754653130287647,0.4489989192653048,0.4489989192653048
87,0.08643229625636294,0.44608372316180883,0.44608372316180883,0.44877724761418797,0.44877724761418797
88,0.08643333990884268,0.4548948948948949,0.4548948948948949,0.4487768119467271,0.4487768119467271
85,0.08683997257028864,0.4550131610433118,0.4550131610433118,0.4486182961773933,0.4486182961773933
85,0.08704869988152397,0.45164756446991405,0.45164756446991405,0.448542513424156,0.448542513424156
87,0.08799210553651189,0.4457561090780309,0.4457561090780309,0.44819595431209946,0.44819595431209946
86,0.08832971439851225,0.45330510468125146,0.45330510468125146,0.4480633251803005,0.4480633251803005
84,0.0885609239333638,0.44834056526328137,0.44834056526328137,0.44797497391870217,0.44797497391870217
85,0.08909831466511502,0.44862973760932945,0.44862973760932945,0.4477686509389216,0.4477686509389216
89,0.08954199425932859,0.4492450638792102,0.4492450638792102,0.44761012404716244,0.44761012404716244
88,0.08985404945294496,0.4493992606284658,0.4493992606284658,0.4474875635680801,0.4474875635680801
86,0.09020881477317677,0.45268866835910454,0.45268866835910454,0.4473338258265333,0.4473338258265333
86,0.0902801618759298,0.4527540908043328,0.4527540908043328,0.4473014771969468,0.4473014771969468
88,0.09112195731129867,0.44118318867062584,0.44118318867062584,0.4469958904038497,0.4469958904038497
87,0.0917588766173608,0.4420873511060692,0.4420873511060692,0.4467441528096483,0.4467441528096483
85,0.09181890058674212,0.4507138001359619,0.4507138001359619,0.4467157887312245,0.4467157887312245
86,0.09209827979145203,0.44994350282485873,0.44994350282485873,0.44659212883836785,0.44659212883836785
90,0.0927754515342791,0.45144268552823624,0.45144268552823624,0.44635302571853125,0.44635302571853125
87,0.09317611274882553,0.4510899944102851,0.4510899944102851,0.44618781040243144,0.44618781040243144
89,0.09318720625545897,0.4455478687792903,0.4455478687792903,0.4461829803001789,0.4461829803001789
87,0.09375032566670488,0.4447532236549578,0.4447532236549578,0.44596613731337575,0.44596613731337575
89,0.09452093343199891,0.4416142904399603,0.4416142904399603,0.4456720963226698,0.4456720963226698
86,0.0946782565192921,0.44495816820783796,0.44495816820783796,0.44559771522322955,0.44559771522322955
88,0.0950792326939116,0.44276315789473686,0.44276315789473686,0.44542366147461987,0.44542366147461987
87,0.0952430606243874,0.4481059776658638,0.4481059776658638,0.4453406623946672,0.4453406623946672
91,0.09605191769959517,0.44351509884857704,0.44351509884857704,0.44502375208687905,0.44502375208687905
88,0.0965425837220709,0.4452491622527294,0.4452491622527294,0.4447918314487181,0.4447918314487181
90,0.09696464830530535,0.44362113402061853,0.44362113402061853,0.4446266029557453,0.4446266029557453
88,0.09698228619743009,0.44806802281778063,0.44806802281778063,0.44461996369796747,0.44461996369796747
90,0.09756606688097524,0.439987163029525,0.439987163029525,0.44438353399735026,0.44438353399735026
88,0.09802098135919084,0.45325658245389616,0.45325658245389616,0.4441842164181641,0.4441842164181641
87,0.09806152593505016,0.44656163508622526,0.44656163508622526,0.44416694293936443,0.44416694293936443
89,0.09819107961128566,0.44615711704050176,0.44615711704050176,0.44409516225085,0.44409516225085
92,0.09923927354803654,0.4511951142466042,0.4511951142466042,0.44366660020518234,0.44366660020518234
89,0.09965714763557303,0.4431508286133837,0.4431508286133837,0.44343337585210735,0.44343337585210735
89,0.10011292110160808,0.444177545691906,0.444177545691906,0.44319690337448725,0.44319690337448725
91,0.10033071474027938,0.4409899136944993,0.4409899136944993,0.443062964026749,0.443062964026749
91,0.10066819336825925,0.442817076971019,0.442817076971019,0.4428516771795227,0.4428516771795227
88,0.10106966968850968,0.4506517690875233,0.4506517690875233,0.4425949158028346,0.4425949158028346
89,0.10125495860415946,0.44500723589001445,0.44500723589001445,0.44247465368021005,0.44247465368021005
90,0.1012839547479141,0.4441003406627439,0.4441003406627439,0.4424557419202858,0.4424557419202858
93,0.10238693467336683,0.4507157464212679,0.4507157464212679,0.4417216935694339,0.4417216935694339
90,0.10303366436098409,0.4453585212268942,0.4453585212268942,0.4412820693339179,0.4412820693339179
90,0.10340061981740514,0.4431956257594168,0.4431956257594168,0.44103088211913843,0.44103088211913843
92,0.1034785608983407,0.4406385773466707,0.4406385773466707,0.4409774135857141,0.4409774135857141
92,0.10389243190600359,0.4392702348553573,0.4392702348553573,0.4406929758992363,0.4406929758992363
89,0.10390073151816219,0.4509784143635263,0.4509784143635263,0.440687264431931,0.440687264431931
91,0.10453840998575857,0.44395472302914957,0.44395472302914957,0.4402478532517533,0.4402478532517533
90,0.10486043415825498,0.44322271091563376,0.44322271091563376,0.4400256648517949,0.4400256648517949
94,0.10538346999979029,0.44786069651741295,0.44786069651741295,0.4396646113520856,0.4396646113520856
91,0.10634707694887542,0.43993298511875434,0.43993298511875434,0.43899937797226907,0.43899937797226907
91,0.10659158592340925,0.4396458435809149,0.4396458435809149,0.4388306181665785,0.4388306181665785
93,0.10663986010324715,0.44275333857030635,0.44275333857030635,0.4387973018802233,0.4387973018802233
90,0.10715710356700468,0.45239028213166144,0.45239028213166144,0.4384403781064408,0.4384403781064408
93,0.10722116726292266,0.43160469667318985,0.43160469667318985,0.4383961768968511,0.4383961768968511
92,0.10751379592521874,0.44623341139734585,0.44623341139734585,0.43819428930531096,0.43819428930531096
91,0.10808994897852059,0.44483294483294483,0.44483294483294483,0.43779683908105377,0.43779683908105377
95,0.10857965168798975,0.4440359872303376,0.4440359872303376,0.4374590318901665,0.4374590318901665
92,0.10921537540816648,0.4399154008844453,0.4399154008844453,0.43702043062870016,0.43702043062870016
94,0.10988826522583015,0.4386098911590605,0.4386098911590605,0.4365560075718439,0.4365560075718439
92,0.10991284259162029,0.43918983471863954,0.43918983471863954,0.436539039591627,0.436539039591627
91,0.11017492926041633,0.4451021577238877,0.4451021577238877,0.4363580719254348,0.4363580719254348
94,0.11050066180641636,0.4305542351934595,0.4305542351934595,0.4361330861250942,0.4361330861250942
93,0.11115196335903524,0.44258576694074286,0.44258576694074286,0.43568294961713633,0.43568294961713633
92,0.11119641580076564,0.4389482644471768,0.4389482644471768,0.4356522120404153,0.4356522120404153
96,0.11166994602215932,0.44370112126637146,0.44370112126637146,0.4353246483158369,0.4353246483158369
93,0.11216614090431125,0.43639261273085217,0.43639261273085217,0.4349811295860982,0.4349811295860982
93,0.1127338538268903,0.42934478252753405,0.42934478252753405,0.43458771801594853,0.43458771801594853
92,0.11303404398752843,0.4425496225887615,0.4425496225887615,0.43437951828934623,0.43437951828934623
95,0.11358144030932818,0.4393154486586494,0.4393154486586494,0.4339995375953807,0.4339995375953807
94,0.11370526315789474,0.43714127013516013,0.43714127013516013,0.43391352396033267,0.43391352396033267
95,0.1138319133270222,0.4347625207909813,0.4347625207909813,0.433825522602769,0.433825522602769
93,0.11426314126198252,0.4367106112289112,0.4367106112289112,0.4335257059214764,0.4335257059214764
97,0.11457422027341815,0.44397424103035876,0.44397424103035876,0.43330924496806567,0.43330924496806567
94,0.11554380680561553,0.43186582809224316,0.43186582809224316,0.4326335712047337,0.4326335712047337
93,0.1159031924545819,0.4406517385763699,0.4406517385763699,0.432382732863222,0.432382732863222
94,0.11601074758969496,0.4344232515894641,0.4344232515894641,0.43230762100472864,0.43230762100472864
95,0.116597602252238,0.433984445650208,0.433984445650208,0.4318974404921625,0.4318974404921625
96,0.11674106202888786,0.43944449454414286,0.43944449454414286,0.4317970798112034,0.4317970798112034
96,0.11674287279546557,0.43524952621604546,0.43524952621604546,0.43179581281950974,0.43179581281950974
94,0.11734543152563832,0.4415572738716058,0.4415572738716058,0.4313738865276663,0.4313738865276663
95,0.1178724077885072,0.4375503626107977,0.4375503626107977,0.4310043627183215,0.4310043627183215
98,0.11859204252985106,0.43974028284265765,0.43974028284265765,0.4304989457626975,0.4304989457626975
94,0.11879115884274283,0.4341519843388503,0.4341519843388503,0.43035893721696095,0.43035893721696095
95,0.11888252118755871,0.43110795454545453,0.43110795454545453,0.43029467183719716,0.43029467183719716
97,0.11960627096828645,0.438475787245303,0.438475787245303,0.42978504089253866,0.42978504089253866
95,0.11963362137349678,0.4367429935461056,0.4367429935461056,0.4297657632337403,0.4297657632337403
96,0.11970983274201723,0.43194848725412366,0.43194848725412366,0.42971203916898004,0.42971203916898004
97,0.11996667299457908,0.43454945054945054,0.43454945054945054,0.4295309047554482,0.4295309047554482
99,0.12128124702975003,0.43051201671891326,0.43051201671891326,0.4286018919494297,0.4286018919494297
96,0.12135804424732034,0.4337800208840933,0.4337800208840933,0.42854751887495496,0.42854751887495496
95,0.12182031820635777,0.4320472714633299,0.4320472714633299,0.42821998888172186,0.42821998888172186
98,0.12225592677539028,0.4330422754387482,0.4330422754387482,0.4279109793031889,0.4279109793031889
98,0.12228200547562922,0.4354253112033195,0.4354253112033195,0.42789246821783705,0.42789246821783705
96,0.12228703057968258,0.43100319709669055,0.43100319709669055,0.42788890116736156,0.42788890116736156
96,0.12274123503866116,0.43389713496720744,0.43389713496720744,0.4275662852154619,0.4275662852154619
97,0.12333460220784165,0.43621399176954734,0.43621399176954734,0.42714422168528343,0.42714422168528343
97,0.12399124245084456,0.43470101509852427,0.43470101509852427,0.426676348414064,0.426676348414064
100,0.12415514633552986,0.4257965581870847,0.4257965581870847,0.4265594297868073,0.4265594297868073
96,0.12451881780294595,0.42905808209845003,0.42905808209845003,0.42629981866530686,0.42629981866530686
99,0.12499338239186829,0.4336298178737823,0.4336298178737823,0.42596064663133293,0.42596064663133293
97,0.1250357078620777,0.4288373667287189,0.4288373667287189,0.4259303745084778,0.4259303745084778
97,0.1251790166021323,0.4293220338983051,0.4293220338983051,0.42582784996955325,0.42582784996955325
99,0.1257817046717105,0.4388828131572306,0.4388828131572306,0.42539622317562686,0.42539622317562686
98,0.1259875876384741,0.4344317417619368,0.4344317417619368,0.4252486055043547,0.4252486055043547
101,0.1269128533152594,0.42731975967957275,0.42731975967957275,0.42458410508581657,0.42458410508581657
98,0.12705187130663165,0.4298574643660915,0.4298574643660915,0.4244841109952082,0.4244841109952082
97,0.12735613630812687,0.4313349453848078,0.4313349453848078,0.4242651135959567,0.4242651135959567
100,0.12745690798196765,0.4271804260985353,0.4271804260985353,0.42419253884524283,0.42419253884524283
98,0.12775288397368673,0.4322553897180763,0.4322553897180763,0.42397925415244364,0.42397925415244364
100,0.12789291699369976,0.42909271852711894,0.42909271852711894,0.4238782786021515,0.4238782786021515
98,0.12818742031449215,0.4310816411106506,0.4310816411106506,0.423665778468749,0.423665778468749
99,0.12865478463823468,0.43102168714438854,0.43102168714438854,0.4233281610865851,0.4233281610865851
99,0.12940078283283654,0.4318386753012542,0.4318386753012542,0.42278826071380493,0.42278826071380493
98,0.12958747314001234,0.42768018387785256,0.42768018387785256,0.42265295235182976,0.42265295235182976
102,0.12961902337618258,0.42271499877260454,0.42271499877260454,0.42263007775941075,0.42263007775941075
101,0.12976263839010604,0.42577581265864245,0.42577581265864245,0.42252592526852323,0.42252592526852323
99,0.13018147086914994,0.42333088774761557,0.42333088774761557,0.4222219106653029,0.4222219106653029
99,0.13052638299230696,0.4289557348985082,0.4289557348985082,0.42197124877035014,0.42197124877035014
101,0.1305886102847429,0.4296639817752827,0.4296639817752827,0.4219259962321085,0.4219259962321085
100,0.13089773017087478,0.42490664068842343,0.42490664068842343,0.42170106593291085,0.42170106593291085
100,0.13171706011091516,0.42724633005323437,0.42724633005323437,0.4211037898782103,0.4211037898782103
99,0.13186461984254652,0.421796736144773,0.421796736144773,0.4209960509240108,0.4209960509240108
103,0.13208709506107275,0.4218398198777742,0.4218398198777742,0.4208335137289632,0.4208335137289632
102,0.1322577898859186,0.4216285806243965,0.4216285806243965,0.4207087249305414,0.4207087249305414
100,0.13236919284226634,0.42153006341815846,0.42153006341815846,0.42062724386977635,0.42062724386977635
100,0.13239775802911152,0.42824949698189135,0.42824949698189135,0.42060634615222664,0.42060634615222664
101,0.13295646897256555,0.4260549283369365,0.4260549283369365,0.42019719968949953,0.42019719968949953
102,0.13296310481297077,0.4257481196991519,0.4257481196991519,0.4201923355807822,0.4201923355807822
100,0.1338880887608684,0.41752988047808764,0.41752988047808764,0.41951323270538876,0.41951323270538876
101,0.13391356159428,0.42610837438423643,0.42610837438423643,0.4194945003659036,0.4194945003659036
104,0.1344163235779104,0.42334784329244163,0.42334784329244163,0.4191244349102421,0.4191244349102421
101,0.13447953017278066,0.42254746835443036,0.42254746835443036,0.41907786445801926,0.41907786445801926
103,0.13458875657712546,0.41635011079455525,0.41635011079455525,0.41899736220681655,0.41899736220681655
101,0.1347967063441273,0.4235638550403545,0.4235638550403545,0.4188440124886594,0.4188440124886594
103,0.13525205920274488,0.42440715354920033,0.42440715354920033,0.41850782127119607,0.41850782127119607
102,0.13555093555093556,0.4228409627182633,0.4228409627182633,0.41828685886322214,0.41828685886322214
102,0.13577799801783944,0.42100306098422413,0.42100306098422413,0.41811882926183785,0.41811882926183785
105,0.13610066377574395,0.423125097855018,0.423125097855018,0.4178798123828236,0.4178798123828236
104,0.13648243564715545,0.4124589651399093,0.4124589651399093,0.4175966461433854,0.4175966461433854
101,0.1365364082852872,0.41499843603378167,0.41499843603378167,0.4175565815460076,0.4175565815460076
102,0.1365530060248686,0.42290542126261443,0.42290542126261443,0.4175442592140993,0.4175442592140993
102,0.1368440116762193,0.41954067730634487,0.41954067730634487,0.4173280900517647,0.4173280900517647
103,0.13750480338158064,0.4218289085545723,0.4218289085545723,0.416836355284801,0.416836355284801
104,0.13753682592545152,0.42328288707799766,0.42328288707799766,0.4168124942425507,0.4168124942425507
105,0.13777303070761016,0.4116598185905884,0.4116598185905884,0.4166364007095223,0.4166364007095223
103,0.13791816009557945,0.41959935029778017,0.41959935029778017,0.4165281264028334,0.4165281264028334
106,0.13803258747078972,0.42122758194186766,0.42122758194186766,0.4164427150933626,0.4164427150933626
103,0.1381545867879112,0.41784110267926283,0.41784110267926283,0.4163516106449512,0.4163516106449512
102,0.1383317653096134,0.4159517737073962,0.4159517737073962,0.41621922436810455,0.41621922436810455
104,0.13882028418385348,0.41451016635859517,0.41451016635859517,0.4158537372438153,0.4158537372438153
105,0.13899052142841858,0.4211822660098522,0.4211822660098522,0.41572621044179703,0.41572621044179703
103,0.13912227577088754,0.41830165542611897,0.41830165542611897,0.415627453374691,0.415627453374691
103,0.13916973695484533,0.41496075111589964,0.41496075111589964,0.41559186613443605,0.41559186613443605
106,0.13919950396613287,0.41171952999001615,0.41171952999001615,0.41556954291718345,0.41556954291718345
107,0.13944465820187252,0.41894688434122784,0.41894688434122784,0.4153855946240935,0.4153855946240935
104,0.13982032410028522,0.4169149667659867,0.4169149667659867,0.4151033727640407,0.4151033727640407
104,0.13994343988345187,0.414727495407226,0.414727495407226,0.4150107894975523,0.4150107894975523
107,0.1400541634107963,0.4088963619688169,0.4088963619688169,0.41492748642062466,0.41492748642062466
104,0.1402191863083621,0.4063169164882227,0.4063169164882227,0.4148032626863007,0.4148032626863007
105,0.1402363317206833,0.4119981682185926,0.4119981682185926,0.4147903514856682,0.4147903514856682
106,0.1408379822466833,0.41138903672166044,0.41138903672166044,0.41433671995613386,0.41433671995613386
108,0.14085307650232198,0.40896977080636565,0.40896977080636565,0.41432532505274955,0.41432532505274955
108,0.14103373383119175,0.4162494310423305,0.4162494310423305,0.41418888978229523,0.41418888978229523
104,0.1410879197138739,0.4146046159667045,0.4146046159667045,0.41414794826471923,0.41414794826471923
105,0.1412513005330845,0.40906674766497075,0.40906674766497075,0.41402444719393244,0.41402444719393244
106,0.14127999828504667,0.40778393141643277,0.40778393141643277,0.4140027458265178,0.4140027458265178
105,0.14137621156685282,0.41362088535754826,0.41362088535754826,0.4139299704153575,0.4139299704153575
105,0.14150335916203396,0.4056124383769435,0.4056124383769435,0.4138337526151519,0.4138337526151519
109,0.14185280195777475,0.4128329297820823,0.4128329297820823,0.4135690574800479,0.4135690574800479
107,0.14199081229606733,0.4060019653790914,0.4060019653790914,0.4134644134315502,0.4134644134315502
106,0.14211498003520673,0.40929003021148036,0.40929003021148036,0.41337021469720076,0.41337021469720076
105,0.142116459809927,0.4107868211223108,0.4107868211223108,0.4133690917901098,0.4133690917901098
106,0.14224799957037754,0.4046360616128058,0.4046360616128058,0.41326924735895043,0.41326924735895043
111,0.14232725161540033,0.40338419700861156,0.40338419700861156,0.41320906554620235,0.41320906554620235
107,0.14237618879131955,0.4123804503351156,0.4123804503351156,0.41317189421881634,0.41317189421881634
108,0.14248111818992468,0.40876187603679687,0.40876187603679687,0.4130921675370319,0.4130921675370319
106,0.14261240135770348,0.41527141677303103,0.41527141677303103,0.41299236847474075,0.41299236847474075
110,0.14269757051103044,0.4083998193587235,0.4083998193587235,0.4129275956158485,0.4129275956158485
109,0.1427134064757827,0.41663541588539715,0.41663541588539715,0.41291554954271603,0.41291554954271603
112,0.14273574148576837,0.4034215087798628,0.4034215087798628,0.41289855845331014,0.41289855845331014
107,0.14278804815133275,0.4063229205871283,0.4063229205871283,0.4128587606770541,0.4128587606770541
108,0.14282179016795601,0.40696097634473405,0.40696097634473405,0.4128330833568101,0.4128330833568101
107,0.14294617624619882,0.4077275802450575,0.4077275802450575,0.41273839605392987,0.41273839605392987
109,0.14300455757158828,0.4039386650631389,0.4039386650631389,0.41269393730554527,0.41269393730554527
108,0.14319352306815616,0.406592581468689,0.406592581468689,0.4125499624083962,0.4125499624083962
106,0.14339254928416162,0.407512508401165,0.407512508401165,0.41239820111680314,0.41239820111680314
108,0.1438811095015827,0.40935192780968005,0.40935192780968005,0.4120251381513892,0.4120251381513892
107,0.1440192054186717,0.41233814555737464,0.41233814555737464,0.41191955296638333,0.41191955296638333
109,0.1441203046340519,0.4031945066427825,0.4031945066427825,0.4118422167849684,0.4118422167849684
110,0.1441719434712267,0.41171224732461353,0.41171224732461353,0.4118027031302204,0.4118027031302204
107,0.1442797268761188,0.4059435364041605,0.4059435364041605,0.41172020115927205,0.41172020115927205
110,0.14428760618883038,0.40198492649802253,0.40198492649802253,0.41171416857347265,0.41171416857347265
108,0.1447824454101615,0.4088786778329504,0.4088786778329504,0.41133491895397584,0.41133491895397584
111,0.1448011838888174,0.4027253202991928,0.4027253202991928,0.4113205425592604,0.4113205425592604
109,0.14480454608931045,0.40600890207715135,0.40600890207715135,0.4113179629210416,0.4113179629210416
108,0.1449060813782598,0.4045010364228605,0.4045010364228605,0.4112400436491591,0.4112400436491591
109,0.14518658560164996,0.40337377922462264,0.40337377922462264,0.41102461458657874,0.41102461458657874
112,0.14522344959367922,0.40050266114725014,0.40050266114725014,0.41099628458088916,0.41099628458088916
110,0.1452781899907521,0.3999259807549963,0.3999259807549963,0.41095420874424393,0.41095420874424393
109,0.14544907993902045,0.4032329495128432,0.4032329495128432,0.4108227954279101,0.4108227954279101
111,0.14554298812970157,0.395075421472937,0.395075421472937,0.41075054202736233,0.41075054202736233
112,0.14566661999590733,0.39608133086876157,0.39608133086876157,0.41065537744551356,0.41065537744551356
110,0.14573393509563723,0.40193186845597995,0.40193186845597995,0.4106035423460587,0.4106035423460587
110,0.14577644959473696,0.4029201386328442,0.4029201386328442,0.4105707974117331,0.4105707974117331
113,0.14597841974034906,0.39475815357432087,0.39475815357432087,0.41041516267549183,0.41041516267549183
111,0.14656304492906502,0.3987220916568743,0.3987220916568743,0.40996395665492336,0.40996395665492336
112,0.14698092079762265,0.399238151051205,0.399238151051205,0.409640810581926,0.409640810581926
