,1,p
0,0.45,0.0001
1,0.3,0.00010046181046515888
2,0.45,0.00010092575361937517
3,0.75,0.00010139183931162991
4,0.55,0.00010186007743638809
5,0.55,0.00010233047793380838
6,0.45,0.00010280305078995381
7,0.55,0.00010327780603700442
8,0.45,0.0001037547537534699
9,0.5,0.00010423390406440324
10,0.4,0.00010471526714161633
11,0.47619047619047616,0.0001051988532038955
12,0.47619047619047616,0.00010568467251721822
13,0.38095238095238093,0.00010617273539497163
14,0.38095238095238093,0.00010666305219817106
15,0.5238095238095238,0.00010715563333568019
16,0.3333333333333333,0.00010765048926443165
17,0.5238095238095238,0.00010814763048964952
18,0.42857142857142855,0.0001086470675650722
19,0.42857142857142855,0.00010914881109317595
20,0.3333333333333333,0.00010965287172540073
21,0.36363636363636365,0.00011015926016237598
22,0.22727272727272727,0.00011066798715414744
23,0.5909090909090909,0.00011117906350040597
24,0.3181818181818182,0.0001116925000507166
25,0.5454545454545454,0.0001122083077047484
26,0.5,0.0001127264974125066
27,0.5454545454545454,0.00011324708017456474
28,0.45454545454545453,0.00011377006704229774
29,0.5454545454545454,0.00011429546911811735
30,0.36363636363636365,0.00011482329755570736
31,0.4782608695652174,0.00011535356356026015
32,0.5217391304347826,0.00011588627838871512
33,0.34782608695652173,0.00011642145334999749
34,0.43478260869565216,0.00011695909980525784
35,0.6086956521739131,0.00011749922916811414
36,0.5217391304347826,0.00011804185290489363
37,0.43478260869565216,0.00011858698253487588
38,0.43478260869565216,0.00011913462963053807
39,0.5652173913043478,0.00011968480581780017
40,0.375,0.00012023752277627199
41,0.375,0.0001207927922395006
42,0.25,0.00012135062599522024
43,0.5,0.0001219110358856021
44,0.2916666666666667,0.00012247403380750543
45,0.3333333333333333,0.0001230396317127307
46,0.4583333333333333,0.00012360784160827317
47,0.5,0.0001241786755565772
48,0.4583333333333333,0.00012475214567579315
49,0.68,0.00012532826414003435
50,0.4,0.000125907043179635
51,0.36,0.00012648849508141064
52,0.36,0.00012707263218891872
53,0.36,0.00012765946690271998
54,0.64,0.0001282490116806428
55,0.44,0.00012884127903804696
56,0.44,0.00012943628154808923
57,0.6153846153846154,0.0001300340318419908
58,0.34615384615384615,0.0001306345426093053
59,0.5,0.0001312378265981875
60,0.38461538461538464,0.000131843896615665
61,0.5769230769230769,0.0001324527655279094
62,0.5,0.00013306444626050979
63,0.4230769230769231,0.0001336789517987465
64,0.5,0.00013429629518786783
65,0.4230769230769231,0.00013491648953336622
66,0.5925925925925926,0.00013553954800125628
67,0.37037037037037035,0.0001361654838183551
68,0.5185185185185185,0.00013679431027256264
69,0.5555555555555556,0.00013742604071314326
70,0.4444444444444444,0.00013806068855101006
71,0.3333333333333333,0.00013869826725900917
72,0.5925925925925926,0.00013933879037220532
73,0.48148148148148145,0.00013998227148816995
74,0.39285714285714285,0.00014062872426726957
75,0.17857142857142858,0.00014127816243295527
76,0.5357142857142857,0.00014193059977205482
77,0.5,0.00014258605013506507
78,0.5714285714285714,0.00014324452743644548
79,0.5,0.00014390604565491438
80,0.2857142857142857,0.00014457061883374524
81,0.3103448275862069,0.00014523826108106444
82,0.3793103448275862,0.00014590898657015157
83,0.3793103448275862,0.00014658280953973993
84,0.3793103448275862,0.00014725974429431838
85,0.4482758620689655,0.00014793980520443574
86,0.3103448275862069,0.0001486230067070055
87,0.4827586206896552,0.00014930936330561238
88,0.4482758620689655,0.0001499988895708198
89,0.4,0.00015069160014047995
90,0.4666666666666667,0.00015138750972004423
91,0.43333333333333335,0.0001520866330828748
92,0.4666666666666667,0.0001527889850705593
93,0.3333333333333333,0.00015349458059322536
94,0.36666666666666664,0.0001542034346298566
95,0.3333333333333333,0.00015491556222861172
96,0.3548387096774194,0.0001556309785071433
97,0.4838709677419355,0.00015634969865291847
98,0.41935483870967744,0.00015707173792354202
99,0.45161290322580644,0.00015779711164708003
100,0.5161290322580645,0.00015852583522238468
101,0.5483870967741935,0.00015925792411942218
102,0.41935483870967744,0.00015999339387960063
103,0.5625,0.0001607322601160995
104,0.25,0.00016147453851420203
105,0.4375,0.00016222024483162763
106,0.53125,0.00016296939489886662
107,0.40625,0.0001637220046195157
108,0.46875,0.0001644780899706165
109,0.45454545454545453,0.00016523766700299444
110,0.3333333333333333,0.00016600075184159863
111,0.36363636363636365,0.00016676736068584557
112,0.48484848484848486,0.00016753750980996222
113,0.45454545454545453,0.00016831121556333122
114,0.3333333333333333,0.00016908849437083883
115,0.30303030303030304,0.0001698693627332231
116,0.3235294117647059,0.00017065383722742383
117,0.35294117647058826,0.00017144193450693528
118,0.4411764705882353,0.0001722336713021593
119,0.38235294117647056,0.00017302906442076004
120,0.5294117647058824,0.0001738281307480216
121,0.38235294117647056,0.0001746308872472062
122,0.4,0.00017543735095991363
123,0.3142857142857143,0.000176247539006444
124,0.3142857142857143,0.00017706146858616093
125,0.5142857142857142,0.00017787915697785583
126,0.42857142857142855,0.00017870062154011596
127,0.3142857142857143,0.00017952587971169237
128,0.5,0.0001803549490118695
129,0.4166666666666667,0.0001811878470408383
130,0.5,0.00018202459148006914
131,0.4722222222222222,0.0001828652000926868
132,0.4444444444444444,0.00018370969072384856
133,0.4166666666666667,0.0001845580813011225
134,0.32432432432432434,0.00018541038983486751
135,0.4594594594594595,0.0001862666344186168
136,0.4864864864864865,0.0001871268332294612
137,0.5675675675675675,0.00018799100452843544
138,0.4864864864864865,0.0001888591666609051
139,0.4864864864864865,0.000189731338056957
140,0.42105263157894735,0.0001906075372317902
141,0.3684210526315789,0.0001914877827861082
142,0.631578947368421,0.00019237209340651517
143,0.42105263157894735,0.00019326048786591187
144,0.5263157894736842,0.00019415298502389376
145,0.5384615384615384,0.00019504960382715246
146,0.4358974358974359,0.00019595036330987737
147,0.4358974358974359,0.00019685528259415924
148,0.46153846153846156,0.00019776438089039717
149,0.46153846153846156,0.00019867767749770588
150,0.4358974358974359,0.0001995951918043249
151,0.35,0.0002005169432880312
152,0.625,0.00020144295151655205
153,0.275,0.00020237323614798061
154,0.45,0.00020330781693119268
155,0.4,0.000204246713706267
156,0.4878048780487805,0.00020518994640490585
157,0.5365853658536586,0.0002061375350508576
158,0.36585365853658536,0.000207089499760343
159,0.17073170731707318,0.00020804586074248168
160,0.4634146341463415,0.00020900663829972031
161,0.4634146341463415,0.00020997185282826521
162,0.38095238095238093,0.00021094152481851436
163,0.3333333333333333,0.00021191567485549198
164,0.5,0.0002128943236192867
165,0.42857142857142855,0.00021387749188549
166,0.40476190476190477,0.00021486520052563652
167,0.4186046511627907,0.00021585747050764854
168,0.37209302325581395,0.00021685432289628032
169,0.3023255813953488,0.00021785577885356477
170,0.32558139534883723,0.00021886185963926392
171,0.3953488372093023,0.0002198725866113196
172,0.45454545454545453,0.00022088798122630622
173,0.3181818181818182,0.00022190806503988747
174,0.5681818181818182,0.00022293285970727348
175,0.36363636363636365,0.00022396238698367963
176,0.5,0.0002249966687247899
177,0.5333333333333333,0.00022603572688722007
178,0.24444444444444444,0.0002270795835289832
179,0.4222222222222222,0.00022812826080995926
180,0.35555555555555557,0.00022918178099236484
181,0.45652173913043476,0.00023024016644122508
182,0.3695652173913043,0.00023130343962484987
183,0.43478260869565216,0.00023237162311531012
184,0.43478260869565216,0.00023344473958891618
185,0.5217391304347826,0.0002345228118267007
186,0.40425531914893614,0.00023560586271490126
187,0.48936170212765956,0.0002366939152454468
188,0.3617021276595745,0.00023778699251644455
189,0.40425531914893614,0.00023888511773267207
190,0.3829787234042553,0.0002399883142060689
191,0.4166666666666667,0.0002410966053562309
192,0.4166666666666667,0.0002422100147109088
193,0.4375,0.0002433285659065069
194,0.375,0.00024445228268858417
195,0.30612244897959184,0.0002455811889123598
196,0.40816326530612246,0.00024671530854321897
197,0.3877551020408163,0.0002478546656572206
198,0.42857142857142855,0.00024899928444161015
199,0.42,0.0002501491891953322
200,0.38,0.0002513044043295466
201,0.42,0.00025246495436814564
202,0.42,0.00025363086394827633
203,0.58,0.00025480215782086265
204,0.35294117647058826,0.00025597886085113004
205,0.37254901960784315,0.00025716099801913504
206,0.4117647058823529,0.0002583485944202947
207,0.29411764705882354,0.0002595416752659185
208,0.4807692307692308,0.00026074026588374517
209,0.34615384615384615,0.00026194439171847966
210,0.4423076923076923,0.0002631540783323324
211,0.4230769230769231,0.0002643693514055635
212,0.4339622641509434,0.00026559023673702734
213,0.3584905660377358,0.00026681676024471914
214,0.4528301886792453,0.00026804894796632713
215,0.4339622641509434,0.0002692868260597842
216,0.5740740740740741,0.0002705304208038225
217,0.48148148148148145,0.0002717797585985329
218,0.3888888888888889,0.00027303486596592474
219,0.2962962962962963,0.0002742957695504879
220,0.43636363636363634,0.00027556249611976016
221,0.43636363636363634,0.00027683507256489454
222,0.5636363636363636,0.0002781135259012294
223,0.38181818181818183,0.0002793978832688636
224,0.5,0.00028068817193323194
225,0.4642857142857143,0.0002819844192856827
226,0.4642857142857143,0.0002832866528440615
227,0.35714285714285715,0.000284594900253294
228,0.40350877192982454,0.0002859091892859722
229,0.47368421052631576,0.0002872295478429457
230,0.40350877192982454,0.0002885560039539133
231,0.3157894736842105,0.0002898885857780167
232,0.5,0.0002912273216044407
233,0.3620689655172414,0.0002925722398530119
234,0.4827586206896552,0.00029392336907480313
235,0.3559322033898305,0.0002952807379527382
236,0.4406779661016949,0.0002966443753022023
237,0.5254237288135594,0.00029801431007165334
238,0.4067796610169492,0.0002993905713432353
239,0.5333333333333333,0.0003007731883333973
240,0.5333333333333333,0.00030216219039351326
241,0.4666666666666667,0.0003035576070105038
242,0.3333333333333333,0.0003049594678074642
243,0.4918032786885246,0.0003063678025442922
244,0.3770491803278688,0.00030778264111831907
245,0.5409836065573771,0.0003092040135649458
246,0.43548387096774194,0.00031063195005828005
247,0.3709677419354839,0.0003120664809117766
248,0.3709677419354839,0.00031350763657888024
249,0.41935483870967744,0.0003149554476536738
250,0.4126984126984127,0.00031640994487152675
251,0.42857142857142855,0.0003178711591097469
252,0.3492063492063492,0.0003193391213882376
253,0.296875,0.0003208138628701552
254,0.453125,0.00032229541486257003
255,0.375,0.00032378380881713264
256,0.36923076923076925,0.0003252790763307405
257,0.38461538461538464,0.000326781249146208
258,0.47692307692307695,0.0003282903591529421
259,0.4461538461538462,0.0003298064383876184
260,0.5151515151515151,0.00033132951903486023
261,0.45454545454545453,0.0003328596334279238
262,0.5,0.00033439681404938377
263,0.3283582089552239,0.0003359410935318217
264,0.47761194029850745,0.00033749250465852086
265,0.44776119402985076,0.00033905108036416106
266,0.4117647058823529,0.00034061685373551703
267,0.45588235294117646,0.0003421898580121625
268,0.47058823529411764,0.0003437701265871754
269,0.463768115942029,0.00034535769300784487
270,0.5362318840579711,0.0003469525909763864
271,0.2898550724637681,0.0003485548543506556
272,0.2857142857142857,0.00035016451714486624
273,0.4857142857142857,0.0003517816135303143
274,0.35714285714285715,0.0003534061778361024
275,0.36619718309859156,0.0003550382445498675
276,0.5352112676056338,0.0003566778483185152
277,0.5915492957746479,0.000358325023948954
278,0.4225352112676056,0.00035997980640883334
279,0.5694444444444444,0.000361642230827288
280,0.4583333333333333,0.0003633123324956828
281,0.3472222222222222,0.0003649901468683607
282,0.5205479452054794,0.0003666757095633976
283,0.4931506849315068,0.0003683690563633569
284,0.44594594594594594,0.0003700702232160503
285,0.3108108108108108,0.00037177924623529884
286,0.43243243243243246,0.0003734961617017023
287,0.38666666666666666,0.0003752210060634079
288,0.48,0.00037695381593688313
289,0.4533333333333333,0.0003786946281076954
290,0.39473684210526316,0.00038044347953129125
291,0.5,0.00038220040733378174
292,0.4342105263157895,0.000383965448812729
293,0.4675324675324675,0.00038573864143794047
294,0.4025974025974026,0.0003875200228522629
295,0.4675324675324675,0.00038930963087238077
296,0.47435897435897434,0.00039110750348962084
297,0.4230769230769231,0.00039291367887075795
298,0.44871794871794873,0.00039472819535882385
299,0.46835443037974683,0.00039655109147392374
300,0.4050632911392405,0.00039838240591405245
301,0.425,0.0004002221775559153
302,0.4,0.00040207044545575527
303,0.3375,0.0004039272488501813
304,0.5308641975308642,0.0004057926271569998
305,0.4567901234567901,0.000407666619976054
306,0.5061728395061729,0.0004095492670900633
307,0.32926829268292684,0.0004114406084654667
308,0.47560975609756095,0.0004133406842532736
309,0.39759036144578314,0.00041524953478991496
310,0.2891566265060241,0.0004171672005980984
311,0.3614457831325301,0.0004190937223876707
312,0.4523809523809524,0.00042102914105648134
313,0.42857142857142855,0.0004229734976912487
314,0.3333333333333333,0.00042492683356843547
315,0.3764705882352941,0.0004268891901551232
316,0.36470588235294116,0.0004288606091098916
317,0.32558139534883723,0.00043084113228370515
318,0.4186046511627907,0.0004328308017208008
319,0.5,0.0004348296596595785
320,0.3333333333333333,0.00043683774853350117
321,0.3793103448275862,0.0004388551109719938
322,0.4318181818181818,0.00044088178980134705
323,0.3522727272727273,0.0004429178280456295
324,0.375,0.0004449632689275991
325,0.48314606741573035,0.00044701815586961976
326,0.3258426966292135,0.0004490825324945859
327,0.37777777777777777,0.00045115644262684693
328,0.4777777777777778,0.00045323993029313623
329,0.3956043956043956,0.00045533303972350876
330,0.42857142857142855,0.00045743581535227844
331,0.46153846153846156,0.00045954830181896007
332,0.391304347826087,0.00046167054396921995
333,0.4673913043478261,0.00046380258685582574
334,0.43010752688172044,0.00046594447573960405
335,0.40860215053763443,0.00046809625609039925
336,0.44680851063829785,0.0004702579735880416
337,0.43617021276595747,0.0004724296741233153
338,0.5212765957446809,0.0004746114037989332
339,0.3684210526315789,0.00047680320893051415
340,0.4631578947368421,0.0004790051360475687
341,0.4583333333333333,0.00048121723189448537
342,0.46875,0.00048343954343152195
343,0.44329896907216493,0.00048567211783580506
344,0.4639175257731959,0.00048791500250233006
345,0.42857142857142855,0.000490168245044966
346,0.40816326530612246,0.0004924318932974693
347,0.3673469387755102,0.0004947059953144976
348,0.43434343434343436,0.0004969905993726283
349,0.45454545454545453,0.000499285753971387
350,0.43,0.0005015915078342748
351,0.38,0.0005039079099098016
352,0.42574257425742573,0.0005062350093725285
353,0.4158415841584158,0.0005085728556241094
354,0.37254901960784315,0.000510921498294339
355,0.4215686274509804,0.0005132809872422087
356,0.39805825242718446,0.0005156513725569647
357,0.46601941747572817,0.0005180327045591681
358,0.49038461538461536,0.000520425033801768
359,0.40384615384615385,0.0005228284110711717
360,0.49523809523809526,0.0005252428873883222
361,0.41904761904761906,0.0005276685140097842
362,0.42452830188679247,0.0005301053424288303
363,0.3867924528301887,0.0005325534243765329
364,0.514018691588785,0.0005350128118228657
365,0.29906542056074764,0.0005374835569778051
366,0.48598130841121495,0.0005399657122924367
367,0.48148148148148145,0.000542459330460073
368,0.3888888888888889,0.0005449644644173689
369,0.4954128440366973,0.0005474811673454454
370,0.44545454545454544,0.0005500094926710207
371,0.44545454545454544,0.0005525494940675432
372,0.3783783783783784,0.0005551012254563296
373,0.44144144144144143,0.0005576647410077121
374,0.41964285714285715,0.0005602400951421875
375,0.48214285714285715,0.0005628273425315702
376,0.336283185840708,0.0005654265381001566
377,0.45132743362831856,0.0005680377370258893
378,0.38596491228070173,0.0005706609947415265
379,0.37719298245614036,0.0005732963669358227
380,0.4,0.000575943909554708
381,0.48695652173913045,0.0005786036788024774
382,0.41379310344827586,0.0005812757311429815
383,0.4396551724137931,0.0005839601233008287
384,0.3504273504273504,0.0005866569122625865
385,0.5213675213675214,0.0005893661552779937
386,0.4152542372881356,0.000592087909861172
387,0.4406779661016949,0.0005948222337918514
388,0.453781512605042,0.0005975691851165946
389,0.44166666666666665,0.0006003288221500277
390,0.5,0.0006031012034760816
391,0.3140495867768595,0.0006058863879492339
392,0.49586776859504134,0.0006086844346957566
393,0.45081967213114754,0.0006114954031149748
394,0.4426229508196721,0.0006143193528805259
395,0.43902439024390244,0.0006171563439416244
396,0.46774193548387094,0.0006200064365243388
397,0.4274193548387097,0.0006228696911328675
398,0.392,0.0006257461685508219
399,0.296,0.0006286359298425203
400,0.3888888888888889,0.0006315390363542825
401,0.3968253968253968,0.0006344555497157302
402,0.4566929133858268,0.0006373855318410987
403,0.3984375,0.0006403290449305502
404,0.328125,0.0006432861514714913
405,0.5038759689922481,0.0006462569142399045
406,0.3488372093023256,0.0006492413963016779
407,0.4153846153846154,0.0006522396610139427
408,0.3816793893129771,0.0006552517720264219
409,0.35877862595419846,0.0006582777932827796
410,0.3712121212121212,0.0006613177890219765
411,0.45454545454545453,0.0006643718237796372
412,0.43609022556390975,0.0006674399623894193
413,0.44029850746268656,0.0006705222699843861
414,0.4626865671641791,0.0006736188119983948
415,0.4444444444444444,0.000676729654167483
416,0.4888888888888889,0.000679854862531262
417,0.5220588235294118,0.0006829945034343229
418,0.45255474452554745,0.0006861486435276432
419,0.44525547445255476,0.0006893173497699996
420,0.5217391304347826,0.0006925006894293933
421,0.4748201438848921,0.0006956987300844764
422,0.49640287769784175,0.0006989115396259838
423,0.4785714285714286,0.0007021391862581797
424,0.3829787234042553,0.0007053817385003022
425,0.4326241134751773,0.0007086392651880162
426,0.4084507042253521,0.0007119118354748795
427,0.46853146853146854,0.0007151995188338071
428,0.4825174825174825,0.0007185023850585484
429,0.3888888888888889,0.0007218205042651649
430,0.45517241379310347,0.0007251539468935241
431,0.4,0.0007285027837087918
432,0.3904109589041096,0.0007318670858029327
433,0.4421768707482993,0.000735246924596224
434,0.46258503401360546,0.0007386423718387682
435,0.4189189189189189,0.0007420534996120181
436,0.4429530201342282,0.0007454803803303041
437,0.5033557046979866,0.0007489230867423757
438,0.44666666666666666,0.0007523816919329438
439,0.44370860927152317,0.0007558562693242295
440,0.4900662251655629,0.0007593468926775283
441,0.4605263157894737,0.0007628536360947726
442,0.46405228758169936,0.0007663765740201034
443,0.4117647058823529,0.0007699157812414544
444,0.4090909090909091,0.0007734713328921379
445,0.4258064516129032,0.0007770433044524377
446,0.47435897435897434,0.0007806317717512154
447,0.4166666666666667,0.0007842368109675185
448,0.45222929936305734,0.0007878584986321948
449,0.44936708860759494,0.0007914969116295219
450,0.37735849056603776,0.0007951521271988372
451,0.4528301886792453,0.0007988242229361749
452,0.46875,0.0008025132767959182
453,0.35403726708074534,0.0008062193670924521
454,0.43478260869565216,0.0008099425725018228
455,0.4567901234567901,0.0008136829720634132
456,0.36809815950920244,0.0008174406451816187
457,0.42073170731707316,0.0008212156716275297
458,0.41818181818181815,0.0008250081315406304
459,0.509090909090909,0.0008288181054304977
460,0.4759036144578313,0.0008326456741785073
461,0.38323353293413176,0.0008364909190395563
462,0.39880952380952384,0.0008403539216437856
463,0.4226190476190476,0.0008442347639983096
464,0.44970414201183434,0.0008481335284889633
465,0.45294117647058824,0.0008520502978820474
466,0.4269005847953216,0.0008559851553260841
467,0.4327485380116959,0.0008599381843535865
468,0.47093023255813954,0.0008639094688828295
469,0.3872832369942196,0.000867899093219629
470,0.39080459770114945,0.0008719071420591362
471,0.4342857142857143,0.0008759337004876339
472,0.42857142857142855,0.0008799788539843392
473,0.4431818181818182,0.0008840426884232242
474,0.423728813559322,0.0008881252900748345
475,0.449438202247191,0.0008922267456081236
476,0.3743016759776536,0.0008963471420922885
477,0.4111111111111111,0.0009004865669986232
478,0.42777777777777776,0.0009046451082023737
479,0.4198895027624309,0.0009088228539846002
480,0.3901098901098901,0.0009130198930340567
481,0.45901639344262296,0.0009172363144490704
482,0.3423913043478261,0.0009214722077394347
483,0.4,0.000925727662828306
484,0.46774193548387094,0.0009300027700541179
485,0.4032258064516129,0.0009342976201724962
486,0.37967914438502676,0.0009386123043581832
487,0.4148936170212766,0.0009429469142069782
488,0.4603174603174603,0.0009473015417376798
489,0.4263157894736842,0.0009516762793940357
490,0.5287958115183246,0.0009560712200467121
491,0.5208333333333334,0.000960486456995261
492,0.46875,0.0009649220839700989
493,0.48704663212435234,0.000969378195134502
494,0.3865979381443299,0.0009738548850866023
495,0.46153846153846156,0.0009783522488613933
496,0.4336734693877551,0.0009828703819327524
497,0.45685279187817257,0.000987409380215466
498,0.4696969696969697,0.0009919693400672616
499,0.4321608040201005,0.0009965503582908596
500,0.445,0.0010011525321360262
501,0.39800995024875624,0.0010057759593016333
502,0.42574257425742573,0.0010104207379377404
503,0.458128078817734,0.0010150869666476737
504,0.4236453201970443,0.0010197747444901165
505,0.4166666666666667,0.001024484170981219
506,0.47804878048780486,0.0010292153460967075
507,0.4223300970873786,0.0010339683702740032
508,0.4251207729468599,0.0010387433444143614
509,0.4230769230769231,0.0010435403698850093
510,0.45933014354066987,0.001048359548521296
511,0.45714285714285713,0.0010532009826288598
512,0.41232227488151657,0.0010580647749857972
513,0.41037735849056606,0.0010629510288448414
514,0.38028169014084506,0.0010678598479355607
515,0.411214953271028,0.001072791336466558
516,0.4046511627906977,0.0010777455991276784
517,0.4722222222222222,0.0010827227410922392
518,0.41013824884792627,0.0010877228680192595
519,0.45871559633027525,0.0010927460860556976
520,0.4246575342465753,0.001097792501838718
521,0.41363636363636364,0.0011028622224979398
522,0.4343891402714932,0.001107955355657718
523,0.46396396396396394,0.0011130720094394348
524,0.4260089686098655,0.0011182122924637814
525,0.4375,0.001123376313853071
526,0.38222222222222224,0.0011285641832335619
527,0.42920353982300885,0.0011337760107377704
528,0.4933920704845815,0.0011390119070068172
529,0.40789473684210525,0.0011442719831927816
530,0.4104803493449782,0.0011495563509610468
531,0.48695652173913045,0.0011548651224926837
532,0.4051724137931034,0.0011601984104868258
533,0.44206008583690987,0.001165556328163061
534,0.45726495726495725,0.0011709389892638397
535,0.49361702127659574,0.001176346508056887
536,0.3940677966101695,0.0011817789993376247
537,0.5063291139240507,0.0011872365784316157
538,0.44537815126050423,0.0011927193611970084
539,0.38493723849372385,0.0011982274640269922
540,0.4625,0.0012037610038522768
541,0.44813278008298757,0.0012093200981435695
542,0.4214876033057851,0.001214904864914066
543,0.430327868852459,0.0012205154227219637
544,0.46122448979591835,0.001226151890672973
545,0.4186991869918699,0.0012318143884228444
546,0.4291497975708502,0.001237503036179914
547,0.4717741935483871,0.001243217954707653
548,0.3815261044176707,0.0012489592653272272
549,0.396,0.0012547270899200798
550,0.47619047619047616,0.0012605215509305155
551,0.39920948616600793,0.0012663427713682956
552,0.4409448818897638,0.0012721908748112574
553,0.43137254901960786,0.0012780659854079333
554,0.40625,0.0012839682278801832
555,0.4357976653696498,0.001289897727525849
556,0.44015444015444016,0.0012958546102214113
557,0.36923076923076925,0.0013018390024246574
558,0.47509578544061304,0.0013078510311773745
559,0.44274809160305345,0.0013138908241080414
560,0.4220532319391635,0.0013199585094345345
561,0.43018867924528303,0.0013260542159668585
562,0.43609022556390975,0.0013321780731098752
563,0.4681647940074906,0.0013383302108660486
564,0.39925373134328357,0.001344510759838211
565,0.44074074074074077,0.0013507198512323325
566,0.39114391143911437,0.0013569576168603005
567,0.46691176470588236,0.0013632241891427333
568,0.42857142857142855,0.001369519701111773
569,0.37454545454545457,0.0013758442864139184
570,0.4673913043478261,0.00138219807931287
571,0.44765342960288806,0.0013885812146923631
572,0.4244604316546763,0.0013949938280590414
573,0.42857142857142855,0.0014014360555453399
574,0.4555160142348754,0.0014079080339123597
575,0.3971631205673759,0.0014144099005527781
576,0.4225352112676056,0.0014209417934937757
577,0.47719298245614034,0.0014275038513999476
578,0.4825174825174825,0.001434096213576257
579,0.3993055555555556,0.001440719019971001
580,0.42560553633217996,0.0014473724111787616
581,0.4241379310344828,0.0014540565284434075
582,0.3767123287671233,0.0014607715136610866
583,0.4129692832764505,0.0014675175093832333
584,0.4523809523809524,0.001474294658819604
585,0.44932432432432434,0.001481103105841313
586,0.4377104377104377,0.0014879429949838814
587,0.4261744966442953,0.0014948144714503153
588,0.42,0.001501717681114184
589,0.42857142857142855,0.0015086527705227106
590,0.45544554455445546,0.0015156198868998938
591,0.46381578947368424,0.0015226191781496283
592,0.4,0.0015296507928588394
593,0.3745928338762215,0.0015367148803006473
594,0.41883116883116883,0.001543811590437531
595,0.4967741935483871,0.0015509410739245073
596,0.43729903536977494,0.0015581034821123383
597,0.4057507987220447,0.0015652989670507395
598,0.3853503184713376,0.0015725276814916038
599,0.3873015873015873,0.0015797897788922522
600,0.42586750788643535,0.0015870854134186886
601,0.4308176100628931,0.0015944147399488662
602,0.409375,0.0016017779140759859
603,0.3862928348909657,0.0016091750921117941
604,0.47368421052631576,0.0016166064310898965
605,0.42592592592592593,0.001624072088769101
606,0.4294478527607362,0.001631572223636763
607,0.4617737003058104,0.0016391069949121429
608,0.47416413373860183,0.0016466765625497983
609,0.43333333333333335,0.0016542810872429735
610,0.4427710843373494,0.0016619207304270059
611,0.39039039039039036,0.0016695956542827626
612,0.42388059701492536,0.00167730602174008
613,0.42433234421364985,0.0016850519964812158
614,0.41420118343195267,0.0016928337429443347
615,0.4323529411764706,0.0017006514263269942
616,0.39589442815249265,0.0017085052125896444
617,0.446064139941691,0.00171639526845917
618,0.5,0.001724321761432408
619,0.4190751445086705,0.001732284859779713
620,0.39655172413793105,0.0017402847325485404
621,0.4068767908309456,0.0017483215495670138
622,0.47293447293447294,0.0017563954814475403
623,0.38636363636363635,0.0017645066995904445
624,0.3870056497175141,0.0017726553761875847
625,0.41292134831460675,0.0017808416842260185
626,0.4005602240896359,0.0017890657974916878
627,0.37047353760445684,0.0017973278905730828
628,0.4404432132963989,0.0018056281388649684
629,0.425414364640884,0.0018139667185721024
630,0.4230769230769231,0.0018223438067129674
631,0.453551912568306,0.0018307595811235427
632,0.43869209809264303,0.001839214220461072
633,0.4363143631436314,0.0018477079042078515
634,0.42587601078167114,0.0018562408126750513
635,0.46236559139784944,0.001864813127006537
636,0.4625668449197861,0.0018734250291827096
637,0.449468085106383,0.0018820767020243812
638,0.43386243386243384,0.0018907683291966488
639,0.45646437994722955,0.0018995000952127888
640,0.3963254593175853,0.0019082721854381843
641,0.4595300261096606,0.0019170847860942558
642,0.4727272727272727,0.001925938084262408
643,0.47150259067357514,0.0019348322678880122
644,0.4484536082474227,0.0019437675257843918
645,0.4128205128205128,0.001952744047636824
646,0.42857142857142855,0.001961762024006578
647,0.4035532994923858,0.001970821646334955
648,0.41265822784810124,0.0019799231069473466
649,0.4256926952141058,0.0019890665990573283
650,0.40852130325814534,0.0019982523167707566
651,0.40399002493765584,0.002007480455089884
652,0.43672456575682383,0.002016751209917508
653,0.43703703703703706,0.002026064778061128
654,0.4594594594594595,0.0020354213572371122
655,0.40931372549019607,0.0020448211460749118
656,0.424390243902439,0.0020542643441212698
657,0.42961165048543687,0.0020637511518444493
658,0.4178743961352657,0.0020732817706385037
659,0.40625,0.0020828564028275457
660,0.41626794258373206,0.0020924752516700354
661,0.4119047619047619,0.002102138521363107
662,0.42417061611374407,0.0021118464170469
663,0.4009433962264151,0.0021215991448089036
664,0.4107981220657277,0.002131396911688355
665,0.43457943925233644,0.002141239925680607
666,0.4116279069767442,0.002151128395741558
667,0.39351851851851855,0.002161062531792099
668,0.42857142857142855,0.0021710425447225446
669,0.4151376146788991,0.002181068646397123
670,0.454337899543379,0.0021911410496584863
671,0.42272727272727273,0.0022012599683322036
672,0.416289592760181,0.0022114256172313124
673,0.4527027027027027,0.002221638212160893
674,0.4484304932735426,0.002231897969922621
675,0.42410714285714285,0.0022422051083193922
676,0.4288888888888889,0.0022525598461599406
677,0.4491150442477876,0.0022629624032634737
678,0.4251101321585903,0.0022734130004643557
679,0.44956140350877194,0.002283911859616785
680,0.4497816593886463,0.0022944592035995
681,0.44251626898047725,0.0023050552563205237
682,0.42548596112311016,0.002315700242721909
683,0.410752688172043,0.0023263943887845084
684,0.430406852248394,0.002337137921532784
685,0.39019189765458423,0.002347931069039622
686,0.4437367303609342,0.0023587740604311637
687,0.4312896405919662,0.0023696671258916875
688,0.4579831932773109,0.0023806104966684876
689,0.4121338912133891,0.0023916044050767736
690,0.41458333333333336,0.0024026490845046188
691,0.4170124481327801,0.0024137447694179076
692,0.4256198347107438,0.0024248916953653046
693,0.42299794661190965,0.0024360900989832705
694,0.44171779141104295,0.002447340218001077
695,0.4195519348268839,0.0024586422912458482
696,0.4543610547667343,0.0024699965586476432
697,0.4213709677419355,0.002481403261244545
698,0.41164658634538154,0.0024928626411877663
699,0.47,0.0025043749417468075
700,0.4095427435387674,0.0025159404073146134
701,0.41386138613861384,0.0025275592834127533
702,0.4437869822485207,0.002539231816696648
703,0.41568627450980394,0.0025509582549607997
704,0.427734375,0.002562738847144043
705,0.45136186770428016,0.0025745738433348465
706,0.4274661508704062,0.0025864634947766127
707,0.4296724470134875,0.002598408053873005
708,0.4616858237547893,0.0026104077741933218
709,0.44274809160305345,0.0026224629104778705
710,0.4505703422053232,0.0026345737186433647
711,0.45368620037807184,0.002646740455788388
712,0.4425612052730697,0.0026589633801988154
713,0.4250936329588015,0.002671242751353313
714,0.4291044776119403,0.0026835788299288633
715,0.437847866419295,0.0026959718778062657
716,0.43253234750462105,0.002708422158075713
717,0.4411764705882353,0.002720929935042391
718,0.4432234432234432,0.0027334954742320606
719,0.4426229508196721,0.002746119042396706
720,0.455535390199637,0.0027588009075202174
721,0.40974729241877256,0.002771541338824044
722,0.44244604316546765,0.002784340606772938
723,0.4490161001788909,0.0027971989830806866
724,0.41459074733096085,0.002810116740715871
725,0.4397163120567376,0.0028230941539076787
726,0.4479717813051146,0.0028361314981517156
727,0.4358523725834798,0.0028492290502158475
728,0.43356643356643354,0.0028623870881460916
729,0.3791304347826087,0.0028756058912725096
730,0.4072790294627383,0.0028888857402151313
731,0.3896551724137931,0.0029022269168899276
732,0.4219554030874786,0.0029156297045147862
733,0.39487179487179486,0.002929094387615516
734,0.4523809523809524,0.002942621252031906
735,0.4196277495769882,0.002956210584923782
736,0.4317032040472175,0.0029698626747770946
737,0.45805369127516776,0.0029835778114100627
738,0.4273789649415693,0.002997356285979316
739,0.4119601328903654,0.0030111983909860657
740,0.4396694214876033,0.0030251044202823352
741,0.44481054365733114,0.003039074669077186
742,0.43278688524590164,0.003053109433942977
743,0.4371941272430669,0.0030672090128216786
744,0.45616883116883117,0.003081373705031189
745,0.4410339256865913,0.0030956038112716767
746,0.4025764895330113,0.0031098996336319865
747,0.4358974358974359,0.00312426147559604
748,0.4258373205741627,0.0031386896420492697
749,0.4142857142857143,0.003153184439285111
750,0.43601895734597157,0.0031677461750114944
751,0.40408805031446543,0.003182375158357368
752,0.42566510172143973,0.0031970716998792788
753,0.40186915887850466,0.003211836111567957
754,0.45891472868217054,0.0032266687068549303
755,0.4506172839506173,0.003241569800619193
756,0.44086021505376344,0.0032565397091938856
757,0.4740061162079511,0.0032715787503729945
758,0.441400304414003,0.003286687243418134
759,0.4257575757575758,0.0033018655090652845
760,0.43288084464555054,0.0033171138695316164
761,0.44594594594594594,0.003332432648522353
762,0.42152466367713004,0.0033478221712376043
763,0.4479166666666667,0.0033632827643792856
764,0.43407407407407406,0.0033788147561580775
765,0.48672566371681414,0.0033944184763003513
766,0.4633431085043988,0.0034100942560551894
767,0.42773722627737226,0.0034258424282014375
768,0.42005813953488375,0.003441663327054725
769,0.40520984081041966,0.0034575572884745992
770,0.4164265129682997,0.003473524649871642
771,0.4447632711621234,0.0034895657502146227
772,0.4450784593437946,0.0035056809300377137
773,0.4161931818181818,0.003521870531447711
774,0.42998585572843,0.003538134898131283
775,0.4267605633802817,0.0035544743753622918
776,0.4341736694677871,0.0035708893100091094
777,0.403068340306834,0.003587380050541971
778,0.44166666666666665,0.003603946947040396
779,0.43784530386740333,0.0036205903512006063
780,0.46354883081155435,0.003637310616342983
781,0.4328767123287671,0.0036541080974195903
782,0.41689373297002724,0.0036709831510216956
783,0.4423337856173677,0.003687936135387333
784,0.43783783783783786,0.0037049674104089277
785,0.43548387096774194,0.003722077337640926
786,0.3949129852744311,0.003739266280307459
787,0.41544607190412786,0.003756534603310076
788,0.4496021220159151,0.0037738826732354805
789,0.43271767810026385,0.0037913108583632997
790,0.4533508541392904,0.0038088195286739264
791,0.4261437908496732,0.003826409055856362
792,0.4153645833333333,0.0038440798133160935
793,0.41580310880829013,0.0038618321761830473
794,0.42838709677419357,0.0038796665213195374
795,0.42105263157894735,0.0038975832273282565
796,0.388250319284802,0.0039155826745603355
797,0.4389312977099237,0.003933665245123407
798,0.4050632911392405,0.003951831322889705
799,0.44962216624685136,0.003970081293504236
800,0.42534504391468003,0.003988415544392958
801,0.4344569288389513,0.004006834464770988
802,0.42732919254658386,0.004025338445650894
803,0.44801980198019803,0.004043927879850978
804,0.39901477832512317,0.004062603162003603
805,0.42401960784313725,0.0040813646885636155
806,0.42317073170731706,0.0041002128578167055
807,0.4106925880923451,0.0041191480698878884
808,0.41233373639661425,0.004138170726750026
809,0.44404332129963897,0.0041572812322323025
810,0.4347305389221557,0.004176479992028833
811,0.45887961859356374,0.004195767413707294
812,0.4080664294187426,0.004215143906717524
813,0.41371158392434987,0.004234609882400248
814,0.4858823529411765,0.004254165753995829
815,0.4262295081967213,0.004273811936652991
816,0.4195804195804196,0.00429354884743766
817,0.43387470997679817,0.0043133769053418395
818,0.4214780600461894,0.004333296531292455
819,0.39770114942528734,0.0043533081481603305
820,0.43821510297482835,0.004373412180769153
821,0.4407744874715262,0.004393609055904479
822,0.40589569160997735,0.004413899202322814
823,0.44808126410835214,0.00443428305076071
824,0.40898876404494383,0.004454761033943889
825,0.4547486033519553,0.004475333586596462
826,0.4727474972191324,0.004496001145450139
827,0.4174972314507198,0.004516764149253491
828,0.43660418963616315,0.004537623038781288
829,0.41712403951701427,0.004558578256843845
830,0.42950819672131146,0.004579630248296407
831,0.4358695652173913,0.004600779460048622
832,0.4134199134199134,0.0046220263410740115
833,0.44396551724137934,0.0046433713424194915
834,0.43240343347639487,0.004664814917214973
835,0.42689434364994666,0.004686357520682969
836,0.436769394261424,0.004707999610148244
837,0.42962962962962964,0.0047297416450475475
838,0.4031578947368421,0.00475158408693936
839,0.4412997903563941,0.004773527399513669
840,0.4233576642335766,0.0047955720486018505
841,0.4236760124610592,0.004817718502186532
842,0.4157187176835574,0.0048399672304115255
843,0.42901234567901236,0.004862318705591826
844,0.4364754098360656,0.004884773402223632
845,0.3965341488277268,0.004907331796994399
846,0.43756345177664974,0.004929994368792988
847,0.4393939393939394,0.004952761598719823
848,0.4150753768844221,0.004975633970097082
849,0.42342342342342343,0.00499861196847899
850,0.44721115537848605,0.005021696081662115
851,0.4097222222222222,0.005044886799695705
852,0.4422507403751234,0.005068184614892118
853,0.444007858546169,0.005091590021837268
854,0.4222873900293255,0.005115103517401093
855,0.4186952288218111,0.005138725600748166
856,0.4728682170542636,0.005162456773348225
857,0.41947926711668276,0.005186297538986845
858,0.43857965451055664,0.005210248403776169
859,0.4101338432122371,0.005234309876165587
860,0.4386298763082778,0.005258482466952558
861,0.42329545454545453,0.005282766689293496
862,0.39679547596606973,0.005307163058714586
863,0.41181988742964354,0.005331672093122771
864,0.42203548085901027,0.005356294312816773
865,0.39684014869888473,0.00538103024049807
866,0.40888066604995377,0.0054058804012820545
867,0.43278084714548803,0.005430845322709154
868,0.4225481209899175,0.005455925534756016
869,0.4306569343065693,0.005481121569846795
870,0.4268846503178928,0.005506433962864434
871,0.4719710669077758,0.005531863251162005
872,0.42484248424842486,0.00555740997457415
873,0.4166666666666667,0.0055830746754285225
874,0.4023193577163247,0.005608857898557286
875,0.41651865008880995,0.0056347601913087145
876,0.44257950530035334,0.0056607821035587905
877,0.45910290237467016,0.005686924187722866
878,0.46059544658493873,0.0057131869987674215
879,0.44986922406277247,0.005739571094221832
880,0.419774501300954,0.0057660770341901825
881,0.43955094991364424,0.005792705381363196
882,0.44625967325881344,0.005819456701030159
883,0.41659538066723695,0.005846331561090906
884,0.4131175468483816,0.00587333053206791
885,0.42966101694915254,0.0059004541871183775
886,0.4253164556962025,0.005927703102046396
887,0.4450041981528128,0.005955077855315193
888,0.4214046822742475,0.005982579028059405
889,0.415973377703827,0.006010207204097383
890,0.4109362054681027,0.006037962969943638
891,0.4113767518549052,0.006065846914821262
892,0.43842364532019706,0.006093859630674423
893,0.41830065359477125,0.006122001712180971
894,0.3959349593495935,0.006150273756765034
895,0.4089068825910931,0.006178676364609695
896,0.44721998388396456,0.006207210138669761
897,0.42181234963913394,0.006235875684684548
898,0.44329073482428116,0.006264673611190719
899,0.4562798092209857,0.006293604529535244
900,0.4240506329113924,0.006322669053888358
901,0.42362204724409447,0.00635186780125657
902,0.43260188087774293,0.006381201391495837
903,0.41887675507020283,0.006410670447324635
904,0.42391304347826086,0.0064402755943372214
905,0.4281298299845441,0.006470017461016951
906,0.41416474210931487,0.006499896678749541
907,0.43524904214559385,0.006529913881836514
908,0.40015243902439024,0.006560069707508704
909,0.41350531107738997,0.0065903647959397035
910,0.42673716012084595,0.006620799790259493
911,0.44285714285714284,0.0066513753365681355
912,0.4333832335329341,0.006682092083949404
913,0.4254843517138599,0.006712950684484635
914,0.4235905044510386,0.006743951793266547
915,0.45904059040590406,0.006775096068413122
916,0.4129316678912564,0.0068063841710816215
917,0.4476956839795172,0.006837816765482601
918,0.43117261471230883,0.0068693945188939886
919,0.41884057971014493,0.006901118101675292
920,0.4235209235209235,0.006932988187281809
921,0.4443646805455851,0.006965005452278905
922,0.41601143674052893,0.006997170576356416
923,0.4099644128113879,0.007029484242343055
924,0.42776203966005666,0.00706194713622089
925,0.43441466854724964,0.007094559947139946
926,0.41333333333333333,0.007127323367432816
927,0.4399441340782123,0.007160238092629335
928,0.437413073713491,0.00719330482147139
929,0.4249134948096886,0.00722652425592773
930,0.42453480358373535,0.00725989710120885
931,0.4170096021947874,0.0072934240657819985
932,0.43208191126279866,0.007327105861386203
933,0.4517663043478261,0.007360943203047355
934,0.4330175913396482,0.007394936809093429
935,0.4255892255892256,0.007429087401169716
936,0.4054959785522788,0.007463395704254118
937,0.43562374916611074,0.007497862446672582
938,0.4216467463479416,0.007532488360114541
939,0.43159286186384666,0.007567274179648425
940,0.425,0.007602220643737307
941,0.4289456450556647,0.007637328494254562
942,0.4517601043024772,0.007672598476499592
943,0.43024010382868266,0.007708031339213687
944,0.4347545219638243,0.00774362783459591
945,0.4340836012861736,0.00777938871831903
946,0.4209852847088932,0.007815314749545617
947,0.41337579617834397,0.007851406690944132
948,0.4292961318960051,0.00788766530870509
949,0.4292929292929293,0.007924091372557404
950,0.45163316582914576,0.007960685655784634
951,0.425891181988743,0.00799744893524144
952,0.4259028642590286,0.008034381991370132
953,0.44114002478314746,0.008071485608217127
954,0.4330660086366441,0.008108760573449659
955,0.41559238796807857,0.008146207678372536
956,0.402200488997555,0.008183827717944844
957,0.4190997566909976,0.008221621490796879
958,0.4318594791035736,0.008259589799247138
959,0.4370102471368294,0.008297733449319257
960,0.4337132573485303,0.008336053250759203
961,0.4390681003584229,0.008374550017052434
962,0.44292508917954815,0.008413224565441147
963,0.42071005917159765,0.008452077716941673
964,0.44287396937573614,0.008491110296361879
965,0.4490035169988277,0.008530323132318662
966,0.44950379451255107,0.008569717057255578
967,0.41022661243463104,0.0086092929074605
968,0.43551185656448815,0.008649051523083333
969,0.44559585492227977,0.008688993748153916
970,0.4080229226361031,0.0087291204305999
971,0.4352538505419281,0.008769432422264732
972,0.444633730834753,0.008809930578925786
973,0.4480225988700565,0.008850615760312508
974,0.421259842519685,0.008891488830124632
975,0.4221724524076148,0.008932550656050581
976,0.44871794871794873,0.00897380210978585
977,0.4137548530227399,0.00901524406705149
978,0.4290447266703479,0.009056877407612749
979,0.4156129741616273,0.009098703015297725
980,0.41739606126914663,0.009140721778016095
981,0.4084967320261438,0.009182934587778031
982,0.43902439024390244,0.009225342340713094
983,0.4198596869940637,0.00926794593708924
984,0.42857142857142855,0.009310746281331985
985,0.43262032085561497,0.009353744282043577
986,0.4417243214475785,0.009396940852022254
987,0.4263771186440678,0.009440336908281685
988,0.44251054852320676,0.009483933372070395
989,0.4440944881889764,0.009527731168891312
990,0.42528735632183906,0.009571731228521457
991,0.4300572022880915,0.009615934485031659
992,0.4337474120082816,0.009660341876806356
993,0.42938144329896905,0.009704954346563575
994,0.42175474602360186,0.009749772841374908
995,0.43871297242083757,0.009794798312685584
996,0.4298780487804878,0.009840031716334782
997,0.43297926150733435,0.009885474012575779
998,0.4405840886203424,0.009931126166096406
999,0.44511278195488724,0.009976989146039582
1000,0.4246506986027944,0.010023063926023758
1001,0.4336810730253353,0.01006935148416371
1002,0.4172021749876421,0.01011585280309121
1003,0.42322834645669294,0.010162568869975953
1004,0.43410093091621754,0.01020950067654649
1005,0.43832276938078985,0.01025664921911125
1006,0.4184466019417476,0.010304015498579741
1007,0.4265700483091787,0.010351600520483787
1008,0.4381914381914382,0.010399405294998821
1009,0.4399234083293442,0.010447430836965413
1010,0.4230585993330157,0.010495678165910766
1011,0.42599620493358636,0.010544148306070337
1012,0.4508970727101039,0.010592842286409644
1013,0.424812030075188,0.010641761140646059
1014,0.431244153414406,0.010690905907270783
1015,0.4231843575418994,0.01074027762957085
1016,0.4242002781641168,0.010789877355651326
1017,0.42270419935394554,0.010839706138457543
1018,0.4253559944878273,0.01088976503579741
1019,0.42458866544789764,0.010940055110363936
1020,0.4281164695177434,0.010990577429757757
1021,0.4098731884057971,0.011041333066509767
1022,0.42741208295761945,0.011092323098103957
1023,0.4367145421903052,0.011143548607000248
1024,0.41849039749888345,0.011195010680657442
1025,0.40729212983548246,0.011246710411556372
1026,0.41921204072598495,0.011298648897223065
1027,0.42687224669603524,0.011350827240252
1028,0.4381578947368421,0.011403246548329589
1029,0.44391095591444785,0.011455907934257655
1030,0.41025641025641024,0.011508812515977023
1031,0.4143598615916955,0.011561961416591321
1032,0.41325871717606544,0.011615355764390784
1033,0.44063437633947705,0.011668996692876176
1034,0.4283276450511945,0.011722885340782922
1035,0.43227176220806796,0.011777022852105246
1036,0.41969568892645814,0.01183141037612042
1037,0.41312578880942363,0.01188604906741324
1038,0.4250418760469012,0.011940940085900473
1039,0.41600666944560233,0.011996084596855526
1040,0.4224066390041494,0.012051483770933116
1041,0.44816191656340354,0.01210713878419421
1042,0.4161184210526316,0.012163050818130941
1043,0.43675808432255425,0.012219221059691662
1044,0.42321792260692465,0.012275650701306217
1045,0.4343065693430657,0.01233234094091121
1046,0.4255147355672184,0.012389292981975412
1047,0.43672157492969066,0.012446508033525368
1048,0.4284,0.012503987310171043
1049,0.4231687898089172,0.012561732032131552
1050,0.4407451446690448,0.01261974342526115
1051,0.431163708086785,0.01267802272107522
1052,0.43188064389477815,0.012736571156776365
1053,0.43259085580304807,0.012795389975280767
1054,0.4365758754863813,0.012854480425244516
1055,0.41169635941130905,0.012913843761090095
1056,0.4309946029298381,0.012973481243033077
1057,0.42210283960092093,0.01303339413710884
1058,0.43162719633307867,0.013093583715199414
1059,0.4159695817490494,0.013154051255060544
1060,0.43338380015140043,0.013214798040348776
1061,0.43013182674199624,0.013275825360648731
1062,0.427071616047994,0.013337134511500424
1063,0.42142590518850315,0.01339872679442685
1064,0.4387072808320951,0.013460603516961574
1065,0.42122781065088755,0.013522765992676447
1066,0.42951785057048214,0.013585215541209573
1067,0.4437522902161964,0.013647953488293283
1068,0.4263311451495259,0.013710981165782237
1069,0.4288307915758896,0.013774299911681784
1070,0.41597397903867006,0.013837911070176316
1071,0.43597122302158275,0.013901815991657768
1072,0.4153240243465807,0.013966016032754375
1073,0.42729864575908766,0.014030512556359417
1074,0.4398722951401206,0.014095306931660116
1075,0.4290254237288136,0.014160400534166787
1076,0.42390158172231984,0.014225794745741998
1077,0.4310706787963611,0.014291490954629857
1078,0.42041100661790315,0.014357490555485571
1079,0.4320388349514563,0.014423794949405017
1080,0.4178743961352657,0.014490405543954428
1081,0.41222947440742014,0.014557323753200372
1082,0.4316005471956224,0.014624550997739726
1083,0.4118447923757658,0.014692088704729786
1084,0.43137919349373094,0.014759938307918653
1085,0.44080944350758855,0.014828101247675616
1086,0.4226250419603894,0.014896578971021751
1087,0.42165051787504176,0.014965372931660588
1088,0.4351297405189621,0.015034484590009051
1089,0.4334437086092715,0.015103915413228428
1090,0.4235332893869479,0.01517366687525546
1091,0.4304461942257218,0.015243740456833738
1092,0.42913128674069234,0.01531413764554507
1093,0.42197659297789336,0.015384859935841032
1094,0.4383694597217729,0.015455908829074784
1095,0.41739130434782606,0.015527285833532882
1096,0.41519717858287913,0.01559899246446727
1097,0.4403318442884493,0.015671030244127523
1098,0.42376111817026685,0.015743400701793135
1099,0.41606070186531774,0.01581610537380591
1100,0.43059490084985835,0.015889145803602702
1101,0.4197994987468672,0.01596252354174811
1102,0.4412223261615217,0.016036240145967353
1103,0.41620111731843573,0.016110297181179442
1104,0.41934487021013594,0.01618469621953034
1105,0.42971393417410025,0.016259438840426306
1106,0.42743417023882424,0.016334526630567503
1107,0.4324900944833892,0.016409961183981643
1108,0.42614498028510767,0.01648574410205778
1109,0.42632850241545894,0.016561876993580398
1110,0.436429215509468,0.016638361474763493
1111,0.43314388274005383,0.01671519916928493
1112,0.42823108993448483,0.01679239170832084
1113,0.4304773198932701,0.016869940730580336
1114,0.4331661257007967,0.016947847882340276
1115,0.4352422907488987,0.01702611481748013
1116,0.41754385964912283,0.01710474319751722
1117,0.4383003492433062,0.017183734691641923
1118,0.4261297798377752,0.017263090976753062
1119,0.4207035755478662,0.017342813737493606
1120,0.43082663605051663,0.017422904666286383
1121,0.43942857142857145,0.01750336546336995
1122,0.4377133105802048,0.017584197836834795
1123,0.4324936314746674,0.01766540350265956
1124,0.43956043956043955,0.017746984184747384
1125,0.43478260869565216,0.01782894161496264
1126,0.42294807370184256,0.01791127753316762
1127,0.4235686492495831,0.01799399368725944
1128,0.42323651452282157,0.018077091833207232
1129,0.4149229074889868,0.018160573735089384
1130,0.43201754385964913,0.018244441165130923
1131,0.43656207366984995,0.01832869590374125
1132,0.43862031504617055,0.018413339739551875
1133,0.4406596377399297,0.018498374469454404
1134,0.426264800861141,0.018583801898638626
1135,0.4361103669970533,0.018669623840630933
1136,0.4465475873100507,0.018755842117332784
1137,0.42356687898089174,0.018842458559059302
1138,0.43302509907529724,0.018929475004578263
1139,0.4254535892716277,0.01901689330114906
1140,0.42513089005235605,0.019104715304561863
1141,0.416362688900469,0.019192942879177142
1142,0.4284232365145228,0.01928157789796517
1143,0.4297883324728962,0.019370622242545734
1144,0.43216855087358685,0.019460077803228202
1145,0.44487081094909187,0.019549946479051592
1146,0.42362525458248473,0.019640230177824812
1147,0.43258996452103393,0.0197309308161673
1148,0.4283551967709385,0.019822050319549638
1149,0.4334505273731793,0.01991359062233438
1150,0.43314171457135714,0.020005553667817217
1151,0.418512067678527,0.020097941408268195
1152,0.4239722634967806,0.020190755804973076
1153,0.43515779092702167,0.020283998828275116
1154,0.4238036809815951,0.020377672457616815
1155,0.42843185148998536,0.02047177868158189
1156,0.42402139557500607,0.0205663194979376
1157,0.43102613746369794,0.020661296913677088
1158,0.4184533847265719,0.02075671294506202
1159,0.439568345323741,0.020852569617665302
1160,0.4277870613511578,0.020948868966414222
1161,0.42908054169636495,0.021045613035633567
1162,0.42336802270577106,0.021142803879088963
1163,0.4293785310734463,0.021240443560030613
1164,0.4455120693695805,0.021338534151237022
1165,0.4210403545602986,0.021437077735058936
1166,0.4369630833526817,0.021536076403463684
1167,0.41668592558354517,0.021635532258079515
1168,0.43708304577869794,0.02173544741024015
1169,0.4247767346004122,0.021835823981029744
1170,0.44084795988146797,0.021936664101327837
1171,0.42341729067392786,0.02203796991185452
1172,0.422859724418342,0.02213974356321603
1173,0.42693345323741005,0.02224198721595032
1174,0.4303939122649955,0.022344703040572882
1175,0.4401871240810871,0.022447893217622923
1176,0.42305986696230596,0.022551559937709617
1177,0.4250717280953432,0.022655705401558538
1178,0.43167838312829526,0.022760331820058502
1179,0.43341351410452655,0.022865441414308418
1180,0.43622115803221595,0.022971036415664493
1181,0.41473456121343444,0.023077119065787487
1182,0.43075927523727353,0.02318369161669047
1183,0.4242164018892228,0.023290756330786533
1184,0.42680059841846546,0.02339831548093676
1185,0.43501382684535206,0.023506371350498614
1186,0.41867852604828465,0.023614926233374352
1187,0.42622259696458686,0.023723982434059626
1188,0.4393621485522451,0.023833542267692565
1189,0.4193817878028404,0.023943608060102862
1190,0.4316008316008316,0.02405418214786104
1191,0.43865094144423755,0.02416526687832824
1192,0.4247167868177137,0.02427686460970596
1193,0.4162394914906705,0.024388977711086036
1194,0.42346938775510207,0.0245016085625011
1195,0.4227956115400244,0.024614759554975017
1196,0.4313447927199191,0.024728433090573588
1197,0.41867954911433175,0.024842631582455667
1198,0.4365858545381687,0.02495735745492434
1199,0.4341842840047866,0.02507261314347829
1200,0.4292237442922374,0.025188401094863675
1201,0.43122529644268776,0.025304723767125975
1202,0.4240755310778914,0.025421583629662108
1203,0.419815938907382,0.025538983163273004
1204,0.4209705710387839,0.025656924860216163
1205,0.42909796314258003,0.02577541122425862
1206,0.4316338354577057,0.025894444770729982
1207,0.4271434063821607,0.026014028026576
1208,0.43436662839647916,0.02613416353041212
1209,0.4241904761904762,0.0262548538325773
1210,0.4252132701421801,0.02637610149518831
1211,0.4323457256086054,0.026497909092194044
1212,0.4288129226145755,0.02662027920943008
1213,0.4225878833208676,0.026743214444673744
1214,0.4323469197841057,0.026866717407699157
1215,0.43219711004075584,0.026990790720332575
1216,0.4351834777798267,0.027115437016508204
1217,0.42951541850220265,0.02724065894232403
1218,0.4301114562397223,0.027366459156097922
1219,0.42542742815569295,0.027492840328424212
1220,0.4340032590983161,0.027619805142230325
1221,0.4308884483690755,0.027747356292833637
1222,0.43946188340807174,0.027875496487998863
1223,0.42142857142857143,0.028004228447995466
1224,0.43263419836473516,0.02813355490565531
1225,0.4338287331917905,0.028263478606430845
1226,0.41898555829517437,0.028394002308453313
1227,0.4304995617879053,0.028525128782591204
1228,0.4435526086197871,0.02865686081250926
1229,0.42886920270974466,0.028789201194727443
1230,0.4280774550484094,0.02892215273868037
1231,0.423507141627947,0.02905571826677683
1232,0.4300154188795614,0.029189900614459887
1233,0.41814461118690316,0.029324702630266968
1234,0.4356754921928038,0.029460127175890263
1235,0.43385707045108973,0.02959617712623764
1236,0.4360914900773629,0.029732855369493594
1237,0.4288583863408102,0.02987016480718047
1238,0.42876187302116314,0.030008108354220235
1239,0.4239509039641732,0.03014668893899627
1240,0.43519894337130594,0.03028590950341545
1241,0.42087099424815116,0.030425773002970773
1242,0.4177981351218714,0.030566282406804007
1243,0.4246865331379254,0.030707440697768647
1244,0.427297779218674,0.0308492508724934
1245,0.4241690868021943,0.030991715941445723
1246,0.4315772566655959,0.031134838928995632
1247,0.43453237410071943,0.0312786228734801
1248,0.4261616804583068,0.03142307082726744
1249,0.43370822113099955,0.03156818585682205
1250,0.42935982339955847,0.031713971042769656
1251,0.42592592592592593,0.03186042947996263
1252,0.4411810654585221,0.03200756427754569
1253,0.4190639091898616,0.032155378559021855
1254,0.42383900928792567,0.03230387546231887
1255,0.4315870570107858,0.03245305813985579
1256,0.42622699386503066,0.03260292975860973
1257,0.4317557251908397,0.032753493500183396
1258,0.4197568389057751,0.032904752560872406
1259,0.4250491604900923,0.03305671015173315
1260,0.42553832254178586,0.033209369498651095
1261,0.42026378896882494,0.03336273384240918
1262,0.4311502312397434,0.03351680643875653
1263,0.433026433026433,0.03367159055847775
1264,0.4220251293422025,0.033827089487462284
1265,0.4377575044143614,0.033983306526774046
1266,0.44214997070884593,0.03414024499272171
1267,0.4334451086164164,0.03429790821692902
1268,0.4370918589464519,0.03445629954640538
1269,0.41903798931099234,0.034615422343617176
1270,0.4284687275341481,0.03477527998655898
1271,0.41820523829969947,0.03493587586882521
1272,0.42926342783872345,0.03509721339968236
1273,0.43383917174868813,0.03525929600414127
1274,0.4345002823263693,0.03542212712302975
1275,0.43023745960376564,0.03558571021306578
1276,0.43216783216783217,0.03575004874693083
1277,0.42043714325490744,0.035915146213343595
1278,0.4259977827050998,0.03608100611713393
1279,0.43619809628914336,0.03624763197931747
1280,0.4207057531237128,0.03641502733717027
1281,0.42564242755604154,0.03658319574430379
1282,0.42095238095238097,0.03675214077074055
1283,0.43025460455037917,0.03692186600298979
1284,0.4236991102723106,0.037092375044123535
1285,0.43303811057434244,0.03726367151385328
1286,0.42767463603579536,0.03743575904860672
1287,0.4176306342241723,0.03760864130160485
1288,0.4260190577024881,0.03778232194293973
1289,0.4336714530364906,0.03795680465965228
1290,0.42302648832939943,0.03813209315581047
1291,0.4367576034460253,0.038308191152588135
1292,0.43393529946732495,0.03848510238834389
1293,0.43365235385411277,0.03866283061870038
1294,0.43125643666323377,0.03884137961662419
1295,0.42657611481291646,0.03902075317250589
1296,0.4289540816326531,0.03920095509424033
1297,0.4291518537328593,0.03938198920730777
1298,0.4371840242669363,0.03956385935485486
1299,0.4375393131211473,0.03974656939777636
1300,0.4340095166541448,0.03993012321479693
1301,0.4370481176763899,0.040114524702553694
1302,0.4264797121230922,0.04029977777567888
1303,0.42287266888971226,0.04048588636688273
1304,0.43312023604622574,0.04067285442703733
1305,0.4276798825256975,0.04086068592526027
1306,0.4287976611036667,0.041049384848998824
1307,0.43627985934279134,0.041238955204114844
1308,0.42860591430295714,0.04142940101496967
1309,0.4382508409418549,0.041620726324509444
1310,0.43661803396316673,0.04181293519435116
1311,0.43375788596595644,0.04200603170486882
1312,0.4338862559241706,0.04220001995527986
1313,0.43241330502477,0.04239490406373248
1314,0.44153557173045316,0.04259068816739291
1315,0.4235129134042305,0.042787376422533115
1316,0.425430432759423,0.042984973004619294
1317,0.4300602130616026,0.043183482108400395
1318,0.43937298294144767,0.043382907947997
1319,0.4238182652592933,0.04358325475699109
1320,0.42610781178620377,0.04378452678851578
1321,0.42366715925883824,0.04398672831534544
1322,0.4306891479008713,0.044189863629986705
1323,0.43523316062176165,0.044393937044769426
1324,0.4340172665096984,0.044598952891938264
1325,0.4276785714285714,0.044804915523744514
1326,0.4219062430570984,0.04501182931253876
1327,0.41999336503372775,0.04521969865086356
1328,0.43731425426527243,0.04542852795154656
1329,0.4288375150651912,0.04563832164779443
1330,0.42861816992038393,0.045849084193286864
1331,0.43041684759009985,0.04606082006227097
1332,0.4254376485843959,0.04627353374965654
1333,0.4276648381198236,0.046487229771111326
1334,0.43383297644539615,0.04670191266315677
1335,0.42907385697538103,0.04691758698326459
1336,0.41852323360916616,0.047134257309953374
1337,0.42439281942977825,0.04735192824288566
1338,0.41875131385326886,0.04757060440296582
1339,0.4311571458464114,0.0477902904324381
1340,0.4206415330139554,0.048010990994984924
1341,0.4240099523118391,0.048232710775826255
1342,0.4365906511195955,0.048455454481818885
1343,0.4324601951720596,0.04867922684155622
1344,0.420961145194274,0.04890403260546896
1345,0.4213740458015267,0.04912987654592578
1346,0.4254888055921386,0.0493567634573345
1347,0.4237595804759984,0.04958469815624419
1348,0.4310379441879141,0.04981368548144716
1349,0.42785771382893684,0.05004373029408187
1350,0.4165506266162721,0.050274837477735826
1351,0.42936342936342936,0.050507011938549624
1352,0.4294442254631454,0.05074025860532095
1353,0.4257406317441632,0.050974582429609
1354,0.4302314227126257,0.051209988385839976
1355,0.4164641850519973,0.05144648147141248
1356,0.4328560371517028,0.05168406670680349
1357,0.42295839753466874,0.051922749135675204
1358,0.43222776073619634,0.052162533824981996
1359,0.42662213740458016,0.052403425865077805
1360,0.4283407731028588,0.05264543036982451
1361,0.4204405786139737,0.05288855247670035
1362,0.4311123658949746,0.053132797346908796
1363,0.42510538641686185,0.05337817016548848
1364,0.43258112644535623,0.05362467614142308
1365,0.4271394096899944,0.05387232050775173
1366,0.4224870657797487,0.05412110852168046
1367,0.418889093249954,0.05437104546469363
1368,0.42383742218967413,0.05462213664266588
1369,0.43028977583378897,0.054874387385975096
1370,0.433469387755102,0.05512780304961535
1371,0.43634886240520043,0.05538238901331071
1372,0.42581109014109825,0.05563815068162918
1373,0.4290186957688523,0.05589509348409781
1374,0.42653606411398043,0.05615322287531777
1375,0.4334337883354015,0.05641254433507998
1376,0.4303864478560085,0.056673063368481776
1377,0.4256982258914456,0.056934785506043604
1378,0.4284465425299414,0.05719771630382628
1379,0.42742777584406544,0.057461861343549234
1380,0.430229536595929,0.057727226232708886
1381,0.43050525952750474,0.05799381660469748
1382,0.43357363542739447,0.05826163811892302
1383,0.43097556808474285,0.05853069646092927
1384,0.4284013605442177,0.05880099734251622
1385,0.42728965633993565,0.05907254650186175
1386,0.42775296992164463,0.05934534970364326
1387,0.4281640526713076,0.05961941273915981
1388,0.4362163967273334,0.059894741426455525
1389,0.42637527006814024,0.06017134161044281
1390,0.42261560095955003,0.060449219163026334
1391,0.4331000411692054,0.06072837998322802
1392,0.42217850995820017,0.06100882999731208
1393,0.428699624734867,0.061290575158910655
1394,0.427724541172649,0.06157362144915057
1395,0.4322205157222537,0.06185797487678007
1396,0.4320888316704216,0.06214364147829645
1397,0.4312830370014416,0.06243062731807404
1398,0.4308379175635813,0.06271893848849325
1399,0.4314736925640822,0.06300858111006974
1400,0.4268109645311636,0.06329956133158415
1401,0.42514546312313256,0.06359188533021308
1402,0.42568678093449164,0.0638855593116599
1403,0.43393580554689937,0.06418058951028643
1404,0.423419930205506,0.0644769821892456
1405,0.42959703566465957,0.06477474364061422
1406,0.42323651452282157,0.06507388018552641
1407,0.4335322013155882,0.06537439817430814
1408,0.425199847735059,0.0656763039866118
1409,0.42591890867752935,0.06597960403155152
1410,0.4275799637899819,0.06628430474783963
1411,0.42461330530109626,0.06659041260392302
1412,0.4363554824725316,0.0668979340981204
1413,0.43144111301242466,0.06720687575876062
1414,0.4293860623565134,0.06751724414432098
1415,0.4296350903059344,0.06782904584356632
1416,0.43065746991488113,0.06814228747568933
1417,0.43305821342487766,0.06845697569045071
1418,0.42424022102661046,0.06877311716832056
1419,0.41894630192502536,0.06909071862061984
1420,0.43347021107989336,0.06940978678966334
1421,0.4272192743438979,0.06973032844890253
1422,0.4259100642398287,0.07005235040306923
1423,0.43182948490230905,0.07037585948832037
1424,0.42234794908062234,0.07070086257238302
1425,0.42949665610700455,0.07102736655469988
1426,0.4299628617476,0.07135537836657625
1427,0.42801339285714285,0.07168490497132689
1428,0.4328959244601819,0.07201595336442367
1429,0.4249084249084249,0.07234853057364452
1430,0.4334755090809026,0.07268264365922236
1431,0.43278778333219203,0.07301829971399479
1432,0.4367118805807375,0.07335550586355509
1433,0.4259736734970824,0.0736942692664033
1434,0.42476023233824123,0.07403459711409792
1435,0.4344201680672269,0.07437649663140904
1436,0.4292310780967677,0.0747199750764715
1437,0.42130153866648906,0.07506503974093875
1438,0.4273968969632675,0.07541169795013808
1439,0.4307966470860009,0.0757599570632259
1440,0.4319032915051573,0.07610982447334376
1441,0.42806696311797016,0.07646130760777571
1442,0.4311938549668012,0.07681441392810574
1443,0.4273958400829392,0.07716915093037628
1444,0.4287649145436956,0.077525526145247
1445,0.43297380585516176,0.07788354713815523
1446,0.4300230061349693,0.07824322150947627
1447,0.4248091603053435,0.07860455689468447
1448,0.42138922307351356,0.0789675609645159
1449,0.4289676036808269,0.07933224142513083
1450,0.42763034067381894,0.07969860601827719
1451,0.4333978642353088,0.08006666252145535
1452,0.43159072543047183,0.08043641874808295
1453,0.42720128704906873,0.08080788254766062
1454,0.4268292682926829,0.08118106180593901
1455,0.4287290785359573,0.08155596444508602
1456,0.4267057243988771,0.08193259842385468
1457,0.43147855667598106,0.08231097173775265
1458,0.42816543717499095,0.08269109241921165
1459,0.4267485253400746,0.08307296853775777
1460,0.4288538733449164,0.08345660820018327
1461,0.4217557251908397,0.08384201955071845
1462,0.4317601662214307,0.08422921077120422
1463,0.4318974177155351,0.08461819008126638
1464,0.42468090112346335,0.08500896573848979
1465,0.4268735362997658,0.08540154603859346
1466,0.42403403461740197,0.08579593931560717
1467,0.43218470820280774,0.086192153942048
1468,0.4318050583208223,0.08659019832909833
1469,0.4311415105184504,0.08699008092678392
1470,0.4267650760956631,0.087391810224154
1471,0.42758699242553677,0.08779539474946102
1472,0.4296485260770975,0.08820084307034158
1473,0.4285311212685514,0.08860816379399877
1474,0.4280177498174465,0.08901736556738468
1475,0.4254962258876153,0.0894284570773836
1476,0.4283726625111309,0.08984144705099707
1477,0.43055786383025874,0.09025634425552885
1478,0.42671225322598433,0.09067315749877071
1479,0.4317158853880777,0.09109189562919003
1480,0.4317014533930718,0.09151256753611732
1481,0.4275303203350193,0.09193518214993471
1482,0.43013372313356074,0.09235974844226598
1483,0.4272242280541036,0.09278627542616688
1484,0.43058684690483856,0.09321477215631606
1485,0.42944097389075764,0.09364524772920793
1486,0.4253521126760563,0.09407771128334547
1487,0.4268331393503333,0.09451217199943392
1488,0.43035441571436095,0.09494863910057627
1489,0.43046600618545894,0.09538712185246867
1490,0.43031567962431516,0.09582762956359732
1491,0.43294899761088607,0.0962701715854357
1492,0.42673973735911486,0.09671475731264365
1493,0.4303725813091807,0.09716139618326655
1494,0.4291056244237271,0.09761009767893536
1495,0.4302977768713033,0.0980608713250685
1496,0.4342198761547051,0.09851372669107374
1497,0.44081240842722175,0.09896867339055114
1498,0.4232335931606739,0.09942572108149761
1499,0.4268121746095314,0.09988487946651176
1500,0.4334545816931586,0.10034615829299944
1501,0.42785576112296014,0.10080956735338141
1502,0.42937546284867933,0.10127511648530081
1503,0.435669353253391,0.10174281557183178
1504,0.43087760493102434,0.10221267454168981
1505,0.4214063108687183,0.10268470336944222
1506,0.4297416509136736,0.10315891207571966
1507,0.4263521011241376,0.10363531072742937
1508,0.43060224762270677,0.10411390943796868
1509,0.42461038340185486,0.10459471836743926
1510,0.43397573162027125,0.10507774772286355
1511,0.4288556271314892,0.10556300775840109
1512,0.43003300330033,0.10605050877556586
1513,0.43237281772104375,0.10654026112344567
1514,0.43058021115575074,0.10703227519892133
1515,0.4276679841897233,0.10752656144688773
1516,0.42589335308276244,0.10802313036047495
1517,0.43291559159601917,0.10852199248127184
1518,0.4291873050816364,0.1090231583995494
1519,0.4241953891805524,0.10952663875448526
1520,0.42861037898754883,0.11003244423439024
1521,0.42609010313008866,0.11054058557693487
1522,0.4281404772624944,0.11105107356937707
1523,0.43209931875224095,0.11156391904879175
1524,0.43466428730760653,0.11207913290230055
1525,0.43292330920555977,0.11259672606730271
1526,0.43239181364098483,0.1131167095317078
1527,0.42451709420513045,0.11363909433416872
1528,0.4268132445690259,0.11416389156431568
1529,0.4342139680878891,0.11469111236299231
1530,0.42332060406179484,0.11522076792249186
1531,0.4269546436285097,0.11575286948679436
1532,0.4307090338392742,0.11628742835180608
1533,0.42740969012155455,0.11682445586559898
1534,0.4277436946148603,0.11736396342865123
1535,0.4264450192951953,0.11790596249408998
1536,0.42625580413676656,0.118450464567934
1537,0.4283373250976932,0.11899748120933815
1538,0.43172027270065666,0.11954702403083835
1539,0.43169990424247473,0.12009910469859876
1540,0.42718607542478243,0.12065373493265914
1541,0.42591370348981106,0.12121092650718321
1542,0.4306479428430648,0.12177069125070943
1543,0.42740946619798903,0.12233304104640164
1544,0.42926888807518615,0.12289798783230103
1545,0.4282995180820475,0.12346554360158028
1546,0.43209577941710003,0.12403572040279781
1547,0.42482243890694593,0.12460853034015314
1548,0.4300607125738936,0.12518398557374466
1549,0.42680502544529264,0.12576209831982732
1550,0.43283995567516226,0.12634288085107168
1551,0.4353752215875517,0.12692634549682513
1552,0.4295741510469767,0.12751250464337333
1553,0.4252927400468384,0.12810137073420264
1554,0.4321237081358303,0.12869295627026517
1555,0.4314112232664269,0.1292872738102437
1556,0.42419926085617493,0.12988433597081803
1557,0.42864806866952787,0.1304841554269334
1558,0.43284891482625776,0.1310867449120693
1559,0.42911382792922775,0.13169211721850935
1560,0.4295162509448224,0.13230028519761372
1561,0.4341283575351742,0.13291126176009135
1562,0.4290582287961056,0.1335250598762743
1563,0.42992396004174743,0.1341416925763926
1564,0.42445829623033543,0.13476117295085163
1565,0.4246565223814448,0.13538351415050967
1566,0.42906510790044483,0.13600872938695657
1567,0.42800161012917626,0.13663683193279516
1568,0.4261465049357083,0.1372678351219225
1569,0.42632342277012325,0.13790175234981258
1570,0.4233587180134984,0.1385385970738015
1571,0.43007005568528833,0.13917838281337275
1572,0.42898011729366325,0.1398211231504438
1573,0.42402021855978356,0.14046683172965524
1574,0.4344329093292705,0.14111552225866006
1575,0.4315945402602899,0.14176720850841415
1576,0.4286265973880073,0.14242190431346963
1577,0.4267691770050673,0.14307962357226794
1578,0.4260470293585641,0.1437403802474346
1579,0.4246537396121884,0.14440418836607644
1580,0.4291376576824981,0.14507106202007886
1581,0.4252435844654865,0.1457410153664047
1582,0.4269517109487057,0.1464140626273956
1583,0.4318104561832891,0.1470902180910733
1584,0.43183433153994516,0.1477694961114429
1585,0.43162681037386325,0.1484519111087981
1586,0.43215878231132865,0.1491374775700269
1587,0.42786584348406476,0.1498262100489194
1588,0.42849549878749627,0.15051812316647625
1589,0.4300641491964817,0.15121323161121977
1590,0.4265025343953657,0.15191155013950547
1591,0.4271017626629972,0.1526130935758348
1592,0.4260509408733653,0.15331787681317072
1593,0.42866417789319916,0.1540259148132535
1594,0.4308979868807962,0.1547372226069178
1595,0.4249276294628498,0.15545181529441274
1596,0.4328754842634393,0.15616970804572197
1597,0.4309388743705781,0.15689091610088518
1598,0.43672873774704185,0.1576154547703227
1599,0.4319818112921561,0.15834333943516
1600,0.428553467027095,0.1590745855475536
1601,0.4255498889271299,0.15980920863102033
1602,0.42738795976206045,0.16054722428076612
1603,0.42970518027094895,0.1612886481640168
1604,0.42649509350120346,0.16203349602035153
1605,0.42883032313552033,0.16278178366203647
1606,0.4263437901302513,0.16353352697436005
1607,0.43211492223879233,0.16428874191597106
1608,0.4281559574661456,0.16504744451921688
1609,0.429359790114894,0.16580965089048408
1610,0.4271049076992346,0.16657537721053975
1611,0.43139715549181307,0.1673446397348759
1612,0.4289623174612616,0.16811745479405416
1613,0.422345905619042,0.16889383879405187
1614,0.4330759710025343,0.16967380821661135
1615,0.42688686163503564,0.17045737961958946
1616,0.42580588647512263,0.17124456963730833
1617,0.42581451448833085,0.1720353949809097
1618,0.4298278605525821,0.17282987243870912
1619,0.42663786897048234,0.17362801887655183
1620,0.4322774831589508,0.17442985123817178
1621,0.4284532199617656,0.1752353865455509
1622,0.4320040899795501,0.17604464189927987
1623,0.4300981029657064,0.17685763447892225
1624,0.4318680700174481,0.17767438154337853
1625,0.43083646142641047,0.17849490043125216
1626,0.4298859548838636,0.1793192085612186
1627,0.4310971717227789,0.1801473234323946
1628,0.4295620942119077,0.180979262624709
1629,0.4331050793388884,0.1818150437992773
1630,0.43107035313441006,0.18265468469877574
1631,0.42586991471157254,0.18349820314781765
1632,0.42745938322167676,0.18434561705333277
1633,0.42911525689138474,0.18519694440494677
1634,0.42566514377855413,0.18605220327536348
1635,0.42820073832325717,0.18691141182074777
1636,0.4269851413963892,0.1877745882811122
1637,0.4287266751484309,0.18864175098070357
1638,0.42652102791409424,0.18951291832839143
1639,0.42634661344118496,0.19038810881805995
1640,0.43115572634826027,0.19126734102900003
1641,0.43135571168358056,0.19215063362630308
1642,0.4244567047426632,0.19303800536125842
1643,0.4265824416655924,0.1939294750717509
1644,0.43297831387142305,0.19482506168265992
1645,0.4293889229511547,0.1957247842062627
1646,0.42855689764780674,0.19662866174263705
1647,0.4253170324246336,0.1975367134800664
1648,0.42573509032729473,0.19844895869544826
1649,0.43259850023825647,0.19936541675470287
1650,0.42941308635194847,0.2002861071131837
1651,0.42848267978728694,0.2012110493160917
1652,0.42804491936281786,0.20214026299888962
1653,0.42628157778106074,0.2030737678877182
1654,0.4231410224988971,0.20401158379981613
1655,0.4298853378872896,0.20495373064394026
1656,0.4270762506070908,0.20590022842078753
1657,0.4260575296108291,0.20685109722342077
1658,0.4303072592093549,0.2078063572376945
1659,0.42725073647402584,0.20876602874268382
1660,0.43184093834930626,0.20973013211111416
1661,0.42734758774531906,0.2106986878097948
1662,0.43015070628808993,0.2116717164000531
1663,0.42848409320698816,0.21264923853816997
1664,0.4264850442353602,0.21363127497581993
1665,0.42802227244134844,0.21461784656051083
1666,0.4281440597388743,0.2156089742360259
1667,0.4308864265927978,0.21660467904286956
1668,0.426171875,0.21760498211871357
1669,0.43091420598796915,0.21860990469884492
1670,0.4293194909273046,0.21961946811661803
1671,0.4274124099170557,0.22063369380390707
1672,0.43101736972704713,0.2216526032915601
1673,0.4275738183451218,0.22267621820985764
1674,0.4283862315601252,0.223704560288971
1675,0.4273700135715398,0.22473765135942314
1676,0.43375041523640795,0.22577551335255325
1677,0.4309238806957212,0.22681816830098175
1678,0.431681039211814,0.22786563833907736
1679,0.43160124937203764,0.22891794570342833
1680,0.4335036417001848,0.22997511273331347
1681,0.427705758867704,0.2310371618711771
1682,0.4289961223610513,0.23210411566310424
1683,0.4276401844108502,0.23317599675930092
1684,0.4289220917822839,0.23425282791457416
1685,0.4328814855734501,0.2353346319888143
1686,0.4283690043143558,0.23642143194748177
1687,0.4293713948886363,0.23751325086209396
1688,0.4269728846234441,0.23861011191071418
1689,0.4279128947478203,0.23971203837844518
1690,0.42935448373232565,0.24081905365792275
1691,0.4296904063158765,0.24193118124981164
1692,0.42983809582587584,0.24304844476330575
1693,0.42996682639144856,0.24417086791662887
1694,0.4302574451171039,0.24529847453753711
1695,0.428296067848882,0.24643128856382657
1696,0.4307959525781108,0.24756933404384043
1697,0.42724458204334365,0.24871263513697905
1698,0.4283198591211078,0.24986121611421405
1699,0.4282612592872936,0.251015101358603
1700,0.42562557005194906,0.2521743153658062
1701,0.4326287327057059,0.25333888274460825
1702,0.4297361544959824,0.2545088282174397
1703,0.4245541301627034,0.2556841766209011
1704,0.4303122323444678,0.2568649529062917
1705,0.42662274752954854,0.2580511821401384
1706,0.4277117728745564,0.259242889504728
1707,0.4301758562432806,0.2604401002986411
1708,0.4277824491667941,0.26164283993729054
1709,0.429693741677763,0.2628511339534601
1710,0.42428947418249296,0.264065007997846
1711,0.4316759650180941,0.2652844878396027
1712,0.4271026810003565,0.2665095993668894
1713,0.42655187868827965,0.2677403685874187
1714,0.4279579886606562,0.2689768216290103
1715,0.4266972595895861,0.2702189847401451
1716,0.4278267916674341,0.2714668842905212
1717,0.42831475506013494,0.27272054677161556
1718,0.4278492563190072,0.2739799987972457
1719,0.42671074860578756,0.27524526710413355
1720,0.4317306475236425,0.27651637855247496
1721,0.43203499046041977,0.2777933601265089
1722,0.42676699811878527,0.27907623893508965
1723,0.4299930447809106,0.28036504221226366
1724,0.4313965667216985,0.2816597973178473
1725,0.42917726887192537,0.28296053173800645
1726,0.4292297679981707,0.28426727308584177
1727,0.42678058687583165,0.28558004910197393
1728,0.42592237578208053,0.28689888765513305
1729,0.4282492540420512,0.2882238167427489
1730,0.42750820238300813,0.2895548644915472
1731,0.42995634088487056,0.2908920591581461
1732,0.42977398326689137,0.2922354291296546
1733,0.4295519185244478,0.2935850029242773
1734,0.43347799552451344,0.29494080919191895
1735,0.4275059061761728,0.2963028767147915
1736,0.42914972956629827,0.29767123440802723
1737,0.427193231787858,0.2990459113202914
1738,0.4271948073562453,0.3004269366343983
1739,0.42674198999370466,0.30181433966793214
1740,0.4266750218499035,0.3032081498738692
1741,0.42793125523218595,0.30460839684120133
1742,0.42620459781383263,0.30601511029556666
1743,0.42766528421566236,0.3074283200998794
1744,0.42751218248636047,0.3088480562549628
1745,0.42835272504592775,0.310274348900188
1746,0.42333295904781765,0.31170722831411296
1747,0.4289706046719571,0.31314672491512424
1748,0.4297180457102896,0.3145928692620846
1749,0.4314575456026832,0.3160456920549808
1750,0.43181997133903405,0.3175052241355745
1751,0.42787722983352666,0.3189714964880588
1752,0.43043939583073276,0.3204445402397145
1753,0.42860027335984097,0.3219243866615721
1754,0.43016604310318174,0.32341106716907375
1755,0.42705447830101567,0.32490461332274256
1756,0.4297575098420674,0.32640505682885135
1757,0.4293708639565734,0.32791242954009475
1758,0.42854974576914323,0.32942676345626765
1759,0.43179380259559746,0.33094809072494324
1760,0.4284532671629446,0.33247644364215456
1761,0.4280560462261609,0.3340118546530821
1762,0.4287736551929668,0.3355543563527416
1763,0.42586769504598043,0.3371039814866751
1764,0.42650445874918796,0.3386607629516478
1765,0.43013344306625123,0.3402247337963458
1766,0.4284439503210989,0.34179592722207625
1767,0.4290124355651338,0.34337437658347464
1768,0.4275133348794063,0.34496011538921156
1769,0.428697157697302,0.3465531773027031
1770,0.42705730288668675,0.3481535961428276
1771,0.4299090805123513,0.3497614058846425
1772,0.4268801138384916,0.3513766406601046
1773,0.42798056629697306,0.3529993347587967
1774,0.4334155798378569,0.35462952262865444
1775,0.4302696026833958,0.35626723887669653
1776,0.429898577854768,0.35791251826976167
1777,0.42843435818280423,0.35956539573524515
1778,0.4284725586545782,0.3612259063618408
1779,0.4286285100168095,0.36289408540028484
1780,0.42856555072483643,0.3645699682641059
1781,0.4305119453924915,0.36625359053037637
1782,0.42706691308365496,0.3679449879404658
1783,0.43183908667893084,0.3696441964008025
1784,0.43281271038104213,0.3713512519836342
1785,0.42803532896412155,0.37306619092779314
1786,0.42789866189948905,0.3747890496394673
1787,0.42857522276668925,0.3765198646929723
1788,0.4290888421831833,0.3782586728315265
1789,0.4235207431481165,0.3800055109680336
1790,0.4313573973176865,0.3817604161858648
1791,0.4279177096370463,0.3835234257396452
1792,0.43049391367541334,0.38529457705604675
1793,0.42764874570491124,0.3870739077345816
1794,0.427673198580466,0.38886145554839935
1795,0.4272695856958186,0.390657258445091
1796,0.42676960709371653,0.39246135454749365
1797,0.430073300022827,0.39427378215449826
1798,0.4261026534373501,0.39609457974186546
1799,0.42900583031765177,0.3979237859630405
1800,0.42734390634380626,0.3997614396499746
1801,0.4264389138581442,0.401607579813948
1802,0.42882813661825214,0.40346224564640015
1803,0.4275581323629186,0.4053254765197607
1804,0.4280750009209347,0.407197311988284
1805,0.42819776324634845,0.4090777917888916
1806,0.4310586059640115,0.410966955842014
1807,0.4293101777842368,0.41286484425243725
1808,0.43006967717048,0.41477149731015694
1809,0.4277211802680682,0.41668695549123186
1810,0.42725926279830867,0.4186112594586423
1811,0.42998287915537164,0.4205444500631557
1812,0.42832289903783566,0.4224865683441926
1813,0.42893493703393926,0.42443765553069673
1814,0.42239003740663,0.4263977530420125
1815,0.4291316984347461,0.4283669024887633
1816,0.4285863667522569,0.43034514567373333
1817,0.428642472185599,0.4323325245927579
1818,0.42904506993610775,0.4343290814356133
1819,0.42689019778607934,0.43633485858691134
1820,0.4276197971917097,0.4383498986270019
1821,0.42856007448282124,0.44037424433287525
1822,0.42999061945502426,0.4424079386790688
1823,0.4275059061761728,0.4444510248385824
1824,0.4278499440089586,0.4465035461837929
1825,0.42763033228183206,0.4485655462873756
1826,0.4296492726929777,0.4506370689232278
1827,0.4283489612670223,0.4527181580674005
1828,0.43051417640527256,0.45480885789903075
1829,0.42761624407699633,0.4569092128012781
1830,0.43039987799962964,0.45901926736226945
1831,0.42900669001485464,0.4611390663760445
1832,0.4266672422911293,0.46326865484350505
1833,0.42928202318410846,0.46540807797337314
1834,0.4271155265155971,0.46755738118314943
1835,0.42903675633096666,0.46971661010007604
1836,0.42596183392140036,0.4718858105621077
1837,0.4283906215392404,0.47406502861888383
1838,0.42781102362204726,0.4762543105327043
1839,0.4286759326993416,0.4784537027795146
1840,0.42803644988141304,0.480663252049891
1841,0.4274353876739563,0.4828830052500305
1842,0.4280163261940591,0.4851130095027488
1843,0.4312506412229404,0.4873533121484802
1844,0.4287990196078431,0.4896039607462803
1845,0.4298740508066238,0.491865003074839
1846,0.4296801481376547,0.4941364871334927
1847,0.4278375955601664,0.4964184611432441
1848,0.42684125042609933,0.49871097354778426
1849,0.42775593301530906,0.5010140730145237
1850,0.42774549247504096,0.5033278084356241
1851,0.4266290912686641,0.5056522289290346
1852,0.4288118743663691,0.507987383839538
1853,0.4263613740128936,0.5103333227397964
1854,0.42929450545163744,0.5126900954314018
1855,0.4303715137218355,0.5150577519459371
1856,0.43023761438634806,0.517436342546036
1857,0.4276823931130669,0.5198259177264489
1858,0.42915410024414763,0.5222265282151178
1859,0.4258007948383162,0.5246382249742517
1860,0.4286229271809661,0.5270610592014066
1861,0.4265573801452327,0.529495082330576
1862,0.4300203030416964,0.5319403460332808
1863,0.4276050486999317,0.5343969022196647
1864,0.42894795663673957,0.5368648030396
1865,0.4286720806912152,0.5393441008837921
1866,0.4294059022202536,0.5418348483848905
1867,0.42993744660916533,0.5443370984186097
1868,0.42901161195940385,0.5468509041048496
1869,0.4309806598407281,0.5493763188088218
1870,0.42720733452918047,0.5519133961421855
1871,0.42703711719510873,0.554462189964184
1872,0.43120534271659905,0.5570227543827883
1873,0.42928367837453874,0.5595951437558442
1874,0.428914483924045,0.5621794126922296
1875,0.4267894294187951,0.5647756160530116
1876,0.425869787444041,0.56738380895261
1877,0.4272280701754386,0.5700040467599702
1878,0.42927868537550096,0.5726363850997374
1879,0.4280524266444166,0.5752808798534355
1880,0.4290361372818743,0.5779375871606568
1881,0.4300428001825682,0.580606563420252
1882,0.42913841432575844,0.5832878652915261
1883,0.43128605071845455,0.5859815496954441
1884,0.43041694624459603,0.5886876738158385
1885,0.42706774545362314,0.5914062951006205
1886,0.4297087362299814,0.5941374712630035
1887,0.429583835946924,0.596881260282727
1888,0.42925279545056577,0.5996377204072849
1889,0.42823349739793,0.6024069101531658
1890,0.4287614531093798,0.605188888307094
1891,0.43132175400506595,0.6079837139272749
1892,0.42747098020596275,0.6107914463446527
1893,0.42733169276902266,0.6136121451641683
1894,0.42758072496329763,0.6164458702660223
1895,0.42541458767298035,0.6192926818069505
1896,0.42606284658040666,0.6221526402214981
1897,0.4293348266069357,0.6250258062233038
1898,0.42762497810195726,0.6279122408063867
1899,0.4294240738098635,0.6308120052464443
1900,0.427298907254724,0.6337251611021516
1901,0.431650043194848,0.6366517702164664
1902,0.4261792710955456,0.6395918947179453
1903,0.42741753495864104,0.6425455970220614
1904,0.4275379157565336,0.6455129398325269
1905,0.4283489336766951,0.6484939861426282
1906,0.4288049609737753,0.6514887992365616
1907,0.4294379636208069,0.6544974426907739
1908,0.4290320372919249,0.6575199803753171
1909,0.4306530114827683,0.6605564764552017
1910,0.42926891750363544,0.6636069953917565
1911,0.4263353683231584,0.6666716019440021
1912,0.4287271369914147,0.6697503611700225
1913,0.42945573984899826,0.6728433384283451
1914,0.4264294696353281,0.6759505993793316
1915,0.4293960858232583,0.6790722099865703
1916,0.42697576241745516,0.6822082365182739
1917,0.42948544914679254,0.6853587455486911
1918,0.4257755765990821,0.6885238039595166
1919,0.4273312129535926,0.6917034789413123
1920,0.4302160758100145,0.6948978379949314
1921,0.42873206752565873,0.6981069489329548
1922,0.4287567906691572,0.7013308798811293
1923,0.42871842910164426,0.7045696992798112
1924,0.42936057189680993,0.7078234758854238
1925,0.42979791587562755,0.7110922787719148
1926,0.43128608923884515,0.7143761773322203
1927,0.42910091615285473,0.7176752412797425
1928,0.4295096291878472,0.7209895406498272
1929,0.4260439173563988,0.7243191458012491
1930,0.4278784047494709,0.7276641274177087
1931,0.4280936226095045,0.7310245565093315
1932,0.4300994008714597,0.7344005044141729
1933,0.4299190826657992,0.7377920427997371
1934,0.4297182252983358,0.7411992436644965
1935,0.42880932556203166,0.7446221793394177
1936,0.42850840841643717,0.7480609224895013
1937,0.4296521027524401,0.7515155461153226
1938,0.4250018212282363,0.7549861235545791
1939,0.42851398209553443,0.7584727284836515
1940,0.42667410348108536,0.7619754349191659
1941,0.4280003657787822,0.7654943172195625
1942,0.4292708299470108,0.769029450086679
1943,0.4289652851484636,0.7725809085673331
1944,0.4270658188869348,0.7761487680549173
1945,0.43004629807753963,0.7797331042909966
1946,0.4281018217098796,0.7833339933669207
1947,0.42932206620496854,0.786951511725437
1948,0.4263804650986295,0.790585736162311
1949,0.4292369386894307,0.7942367438279619
1950,0.42633162050382256,0.7979046122290975
1951,0.42868192393819743,0.8015894192303568
1952,0.42813768952799613,0.8052912430559689
1953,0.4261875625764824,0.8090101622914102
1954,0.42836313973017365,0.8127462558850708
1955,0.4274490352053595,0.8164996031499351
1956,0.42894412815292526,0.820270283765263
1957,0.4286667758826777,0.8240583777782794
1958,0.4267629792476989,0.827863965605878
1959,0.42846750873227246,0.8316871280363262
1960,0.42801831183986117,0.8355279462309773
1961,0.42937388683381283,0.8393865017259989
1962,0.42616749282546307,0.8432628764341016
1963,0.42858744857788716,0.847157152646274
1964,0.4285219107823727,0.8510694130335366
1965,0.42927736419511225,0.8549997406486917
1966,0.4306096432251192,0.8589482189280895
1967,0.42951756266586316,0.8629149316933952
1968,0.42813143460280656,0.8668999631533739
1969,0.4309909289241015,0.8709033979056756
1970,0.4294596679715404,0.8749253209386283
1971,0.42749142457321965,0.8789658176330478
1972,0.42731761455006684,0.8830249737640474
1973,0.42906662157592157,0.8871028755028563
1974,0.4280600766386706,0.8911996094186538
1975,0.42609584336239203,0.8953152624804052
1976,0.42784161343939875,0.8994499220587043
1977,0.42778884462151395,0.9036036759276349
1978,0.4282448844702707,0.90777661226663
1979,0.42962175083473597,0.911968819662342
1980,0.4290423279268266,0.9161803871105286
1981,0.42891211525298506,0.9204114040179392
1982,0.4268920468063937,0.9246619602042098
1983,0.42639380792955334,0.928932145903776
1984,0.42744476114956814,0.9332220517677856
1985,0.4286849487483067,0.9375317688660197
1986,0.4266876181173423,0.9418613886888322
1987,0.428424979655679,0.9462110031490889
1988,0.42802815123398347,0.9505807045841163
1989,0.4279610877828623,0.9549705857576667
1990,0.42968896579040633,0.9593807398618847
1991,0.4260902045008871,0.9638112605192866
1992,0.428340528370479,0.9682622417847444
1993,0.4280992670114009,0.9727337781474883
1994,0.42802834557036507,0.9772259645331097
1995,0.42951509317687564,0.9817388963055735
1996,0.4276161700142963,0.986272669269248
1997,0.4281179824893397,0.9908273796709361
1998,0.4289381153305204,0.9954031242019161
1999,0.427745,1.0
